id,gender,name,birth_date,birth_place,award_year,portion,prize_amount,category,university,university_country
293,male,Emil von Behring,1854-03-15,Poland,1901,1,8722510,Physiology or Medicine,Marburg University,Germany
463,male,Frédéric Passy,1822-05-20,France,1901,1/2,8722510,Peace,,
462,male,Henry Dunant,1828-05-08,Switzerland,1901,1/2,8722510,Peace,,
160,male,Jacobus H. van 't Hoff,1852-08-30,the Netherlands,1901,1,8722510,Chemistry,Berlin University,Germany
569,male,Sully Prudhomme,1839-03-16,France,1901,1,8722510,Literature,,
1,male,Wilhelm Conrad Röntgen,1845-03-27,Germany,1901,1,8722510,Physics,Munich University,Germany
465,male,Albert Gobat,1843-05-21,Switzerland,1902,1/2,8205634,Peace,,
464,male,Élie Ducommun,1833-02-19,Switzerland,1902,1/2,8205634,Peace,,
161,male,Emil Fischer,1852-10-09,Germany,1902,1,8205634,Chemistry,Berlin University,Germany
2,male,Hendrik A. Lorentz,1853-07-18,the Netherlands,1902,1/2,8205634,Physics,Leiden University,the Netherlands
3,male,Pieter Zeeman,1865-05-25,the Netherlands,1902,1/2,8205634,Physics,Amsterdam University,the Netherlands
294,male,Ronald Ross,1857-05-13,India,1902,1,8205634,Physiology or Medicine,University College,United Kingdom
571,male,Theodor Mommsen,1817-11-30,Germany,1902,1,8205634,Literature,,
572,male,Bjørnstjerne Bjørnson,1832-12-08,Norway,1903,1,7936836,Literature,,
4,male,Henri Becquerel,1852-12-15,France,1903,1/2,7936836,Physics,École Polytechnique,France
6,female,Marie Curie,1867-11-07,Poland,1903,1/4,7936836,Physics,,
295,male,Niels Ryberg Finsen,1860-12-15,Faroe Islands (Denmark),1903,1,7936836,Physiology or Medicine,Finsen Medical Light Institute,Denmark
5,male,Pierre Curie,1859-05-15,France,1903,1/4,7936836,Physics,École municipale de physique et de chimie industrielles (Municipal School of Industrial Physics and Chemistry),France
466,male,Randal Cremer,1828-03-18,United Kingdom,1903,1,7936836,Peace,,
162,male,Svante Arrhenius,1859-02-19,Sweden,1903,1,7936836,Chemistry,Stockholm University,Sweden
573,male,Frédéric Mistral,1830-09-08,France,1904,1/2,7908819,Literature,,
296,male,Ivan Pavlov,1849-09-14,Russia,1904,1,7908819,Physiology or Medicine,Military Medical Academy,Russia
574,male,José Echegaray,1832-04-19,Spain,1904,1/2,7908819,Literature,,
8,male,Lord Rayleigh,1842-11-12,United Kingdom,1904,1,7908819,Physics,Royal Institution of Great Britain,United Kingdom
163,male,Sir William Ramsay,1852-10-02,Scotland,1904,1,7908819,Chemistry,University College,United Kingdom
164,male,Adolf von Baeyer,1835-10-31,Germany,1905,1,7753291,Chemistry,Munich University,Germany
468,female,Bertha von Suttner,1843-06-09,Czech Republic,1905,1,7753291,Peace,,
575,male,Henryk Sienkiewicz,1846-05-05,Poland,1905,1,7753291,Literature,,
9,male,Philipp Lenard,1862-06-07,Slovakia,1905,1,7753291,Physics,Kiel University,Germany
297,male,Robert Koch,1843-12-11,Germany,1905,1,7753291,Physiology or Medicine,Institute for Infectious Diseases,Germany
298,male,Camillo Golgi,1843-07-07,Italy,1906,1/2,7556149,Physiology or Medicine,Pavia University,Italy
576,male,Giosuè Carducci,1835-07-27,Italy,1906,1,7556149,Literature,,
165,male,Henri Moissan,1852-09-28,France,1906,1,7556149,Chemistry,Sorbonne University,France
10,male,J.J. Thomson,1856-12-18,United Kingdom,1906,1,7556149,Physics,University of Cambridge,United Kingdom
299,male,Santiago Ramón y Cajal,1852-05-01,Spain,1906,1/2,7556149,Physiology or Medicine,Madrid University,Spain
470,male,Theodore Roosevelt,1858-10-27,USA,1906,1,7556149,Peace,,
11,male,Albert A. Michelson,1852-12-19,Poland,1907,1,7161123,Physics,University of Chicago,USA
300,male,Alphonse Laveran,1845-06-18,France,1907,1,7161123,Physiology or Medicine,Institut Pasteur,France
166,male,Eduard Buchner,1860-05-20,Germany,1907,1,7161123,Chemistry,Landwirtschaftliche Hochschule (Agricultural College),Germany
471,male,Ernesto Teodoro Moneta,1833-09-20,Italy,1907,1/2,7161123,Peace,,
472,male,Louis Renault,1843-05-21,France,1907,1/2,7161123,Peace,Sorbonne University,France
577,male,Rudyard Kipling,1865-12-30,India,1907,1,7161123,Literature,,
167,male,Ernest Rutherford,1871-08-30,New Zealand,1908,1,7212924,Chemistry,Victoria University,United Kingdom
474,male,Fredrik Bajer,1837-04-21,Denmark,1908,1/2,7212924,Peace,,
12,male,Gabriel Lippmann,1845-08-16,Luxembourg,1908,1,7212924,Physics,Sorbonne University,France
301,male,Ilya Mechnikov,1845-05-15,Ukraine,1908,1/2,7212924,Physiology or Medicine,Institut Pasteur,France
473,male,Klas Pontus Arnoldson,1844-10-27,Sweden,1908,1/2,7212924,Peace,,
302,male,Paul Ehrlich,1854-03-14,Poland,1908,1/2,7212924,Physiology or Medicine,Goettingen University,Germany
578,male,Rudolf Eucken,1846-01-05,Germany,1908,1,7212924,Literature,,
475,male,Auguste Beernaert,1829-07-26,Belgium,1909,1/2,7212924,Peace,,
14,male,Ferdinand Braun,1850-06-06,Germany,1909,1/2,7212924,Physics,Strasbourg University,France
13,male,Guglielmo Marconi,1874-04-25,Italy,1909,1/2,7212924,Physics,Marconi Wireless Telegraph Co. Ltd.,United Kingdom
476,male,Paul Henri d'Estournelles de Constant,1852-11-22,France,1909,1/2,7212924,Peace,,
579,female,Selma Lagerlöf,1858-11-20,Sweden,1909,1,7212924,Literature,,
303,male,Theodor Kocher,1841-08-25,Switzerland,1909,1,7212924,Physiology or Medicine,Berne University,Switzerland
168,male,Wilhelm Ostwald,1853-09-02,Latvia,1909,1,7212924,Chemistry,Leipzig University,Germany
304,male,Albrecht Kossel,1853-09-16,Germany,1910,1,7259514,Physiology or Medicine,University of Heidelberg,Germany
15,male,Johannes Diderik van der Waals,1837-11-23,the Netherlands,1910,1,7259514,Physics,Amsterdam University,the Netherlands
169,male,Otto Wallach,1847-03-27,Russia,1910,1,7259514,Chemistry,Goettingen University,Germany
580,male,Paul Heyse,1830-03-15,Germany,1910,1,7259514,Literature,,
479,male,Alfred Fried,1864-11-11,Austria,1911,1/2,7460743,Peace,,
305,male,Allvar Gullstrand,1862-06-05,Sweden,1911,1,7460743,Physiology or Medicine,Uppsala University,Sweden
6,female,Marie Curie,1867-11-07,Poland,1903,1/4,7936836,Physics,,
581,male,Maurice Maeterlinck,1862-08-29,Belgium,1911,1,7460743,Literature,,
478,male,Tobias Asser,1838-04-28,the Netherlands,1911,1/2,7460743,Peace,,
16,male,Wilhelm Wien,1864-01-13,Russia,1911,1,7460743,Physics,Würzburg University,Germany
306,male,Alexis Carrel,1873-06-28,France,1912,1,6876120,Physiology or Medicine,Rockefeller Institute for Medical Research,USA
480,male,Elihu Root,1845-02-15,USA,1912,1,6876120,Peace,,
582,male,Gerhart Hauptmann,1862-11-15,Poland,1912,1,6876120,Literature,,
17,male,Gustaf Dalén,1869-11-30,Sweden,1912,1,6876120,Physics,Swedish Gas-Accumulator Co.,Sweden
173,male,Paul Sabatier,1854-11-05,France,1912,1/2,6876120,Chemistry,Toulouse University,France
172,male,Victor Grignard,1871-05-06,France,1912,1/2,6876120,Chemistry,Nancy University,France
174,male,Alfred Werner,1866-12-12,France,1913,1,7000156,Chemistry,University of Zurich,Switzerland
307,male,Charles Richet,1850-08-26,France,1913,1,7000156,Physiology or Medicine,Sorbonne University,France
18,male,Heike Kamerlingh Onnes,1853-09-21,the Netherlands,1913,1,7000156,Physics,Leiden University,the Netherlands
481,male,Henri La Fontaine,1854-04-22,Belgium,1913,1,7000156,Peace,,
583,male,Rabindranath Tagore,1861-05-07,India,1913,1,7000156,Literature,,
19,male,Max von Laue,1879-10-09,Germany,1914,1,7190567,Physics,Frankfurt-on-the-Main University,Germany
308,male,Robert Bárány,1876-04-22,Austria,1914,1,7190567,Physiology or Medicine,Vienna University,Austria
175,male,Theodore W. Richards,1868-01-31,USA,1914,1,7190567,Chemistry,Harvard University,USA
21,male,Lawrence Bragg,1890-03-31,Australia,1915,1/2,6330371,Physics,Victoria University,United Kingdom
176,male,Richard Willstätter,1872-08-13,Germany,1915,1,6330371,Chemistry,Munich University,Germany
584,male,Romain Rolland,1866-01-29,France,1915,1,6330371,Literature,,
20,male,William Bragg,1862-07-02,United Kingdom,1915,1/2,6330371,Physics,University College,United Kingdom
585,male,Verner von Heidenstam,1859-07-06,Sweden,1916,1,4933193,Literature,,
22,male,Charles Glover Barkla,1877-06-07,United Kingdom,1917,1,3991689,Physics,Edinburgh University,United Kingdom
587,male,Henrik Pontoppidan,1857-07-24,Denmark,1917,1/2,3991689,Literature,,
586,male,Karl Gjellerup,1857-06-02,Denmark,1917,1/2,3991689,Literature,,
177,male,Fritz Haber,1868-12-09,Poland,1918,1,2899121,Chemistry,Kaiser-Wilhelm-Institut (now Fritz-Haber-Institut) für physikalische Chemie und Electrochemie,Germany
23,male,Max Planck,1858-04-23,Germany,1918,1,2899121,Physics,Berlin University,Germany
588,male,Carl Spitteler,1845-04-24,Switzerland,1919,1,2420376,Literature,,
24,male,Johannes Stark,1874-04-15,Germany,1919,1,2420376,Physics,Greifswald University,Germany
309,male,Jules Bordet,1870-06-13,Belgium,1919,1,2420376,Physiology or Medicine,Brussels University,Belgium
483,male,Woodrow Wilson,1856-12-28,USA,1919,1,2420376,Peace,,
310,male,August Krogh,1874-11-15,Denmark,1920,1,2438066,Physiology or Medicine,Copenhagen University,Denmark
25,male,Charles Edouard Guillaume,1861-02-15,Switzerland,1920,1,2438066,Physics,Bureau International des Poids et Mesures (International Bureau of Weights and Measures),France
589,male,Knut Hamsun,1859-08-04,Norway,1920,1,2438066,Literature,,
484,male,Léon Bourgeois,1851-05-21,France,1920,1,2438066,Peace,,
178,male,Walther Nernst,1864-06-25,Poland,1920,1,2438066,Chemistry,Berlin University,Germany
26,male,Albert Einstein,1879-03-14,Germany,1921,1,2578698,Physics,Kaiser-Wilhelm-Institut (now Max-Planck-Institut) für Physik,Germany
590,male,Anatole France,1844-04-16,France,1921,1,2578698,Literature,,
486,male,Christian Lange,1869-09-17,Norway,1921,1/2,2578698,Peace,,
179,male,Frederick Soddy,1877-09-02,United Kingdom,1921,1,2578698,Chemistry,University of Oxford,United Kingdom
485,male,Hjalmar Branting,1860-11-23,Sweden,1921,1/2,2578698,Peace,,
311,male,Archibald V. Hill,1886-09-26,United Kingdom,1922,1/2,3203014,Physiology or Medicine,London University,United Kingdom
180,male,Francis W. Aston,1877-09-01,United Kingdom,1922,1,3203014,Chemistry,University of Cambridge,United Kingdom
487,male,Fridtjof Nansen,1861-10-10,Norway,1922,1,3203014,Peace,,
592,male,Jacinto Benavente,1866-08-12,Spain,1922,1,3203014,Literature,,
27,male,Niels Bohr,1885-10-07,Denmark,1922,1,3203014,Physics,Copenhagen University,Denmark
312,male,Otto Meyerhof,1884-04-12,Germany,1922,1/2,3203014,Physiology or Medicine,Kiel University,Germany
313,male,Frederick G. Banting,1891-11-14,Canada,1923,1/2,3226631,Physiology or Medicine,University of Toronto,Canada
181,male,Fritz Pregl,1869-09-03,Slovenia,1923,1,3226631,Chemistry,Graz University,Austria
314,male,John Macleod,1876-09-06,Scotland,1923,1/2,3226631,Physiology or Medicine,University of Toronto,Canada
28,male,Robert A. Millikan,1868-03-22,USA,1923,1,3226631,Physics,California Institute of Technology (Caltech),USA
593,male,William Butler Yeats,1865-06-13,Ireland,1923,1,3226631,Literature,,
29,male,Manne Siegbahn,1886-12-03,Sweden,1924,1,3276714,Physics,Uppsala University,Sweden
315,male,Willem Einthoven,1860-05-21,Indonesia,1924,1,3276714,Physiology or Medicine,Leiden University,the Netherlands
594,male,Wladyslaw Reymont,1867-05-07,Poland,1924,1,3276714,Literature,,
489,male,Charles G. Dawes,1865-08-27,USA,1925,1/2,3269232,Peace,,
596,male,George Bernard Shaw,1856-07-26,Ireland,1925,1,3269232,Literature,,
31,male,Gustav Hertz,1887-07-22,Germany,1925,1/2,3269232,Physics,Halle University,Germany
30,male,James Franck,1882-08-26,Germany,1925,1/2,3269232,Physics,Goettingen University,Germany
182,male,Richard Zsigmondy,1865-04-01,Austria,1925,1,3269232,Chemistry,Goettingen University,Germany
488,male,Sir Austen Chamberlain,1863-10-16,United Kingdom,1925,1/2,3269232,Peace,,
490,male,Aristide Briand,1862-03-28,France,1926,1/2,3332487,Peace,,
597,female,Grazia Deledda,1871-09-27,Italy,1926,1,3332487,Literature,,
491,male,Gustav Stresemann,1878-05-10,Germany,1926,1/2,3332487,Peace,,
32,male,Jean Baptiste Perrin,1870-09-30,France,1926,1,3332487,Physics,Sorbonne University,France
316,male,Johannes Fibiger,1867-04-23,Denmark,1926,1,3332487,Physiology or Medicine,Copenhagen University,Denmark
183,male,The Svedberg,1884-08-30,Sweden,1926,1,3332487,Chemistry,Uppsala University,Sweden
33,male,Arthur H. Compton,1892-09-10,USA,1927,1/2,3658946,Physics,University of Chicago,USA
34,male,C.T.R. Wilson,1869-02-14,Scotland,1927,1/2,3658946,Physics,University of Cambridge,United Kingdom
492,male,Ferdinand Buisson,1841-12-20,France,1927,1/2,3658946,Peace,,
184,male,Heinrich Wieland,1877-06-04,Germany,1927,1,3658946,Chemistry,Munich University,Germany
600,male,Henri Bergson,1859-10-18,France,1927,1,3658946,Literature,,
317,male,Julius Wagner-Jauregg,1857-03-07,Austria,1927,1,3658946,Physiology or Medicine,Vienna University,Austria
493,male,Ludwig Quidde,1858-03-23,Germany,1927,1/2,3658946,Peace,,
185,male,Adolf Windaus,1876-12-25,Germany,1928,1,4539342,Chemistry,Goettingen University,Germany
318,male,Charles Nicolle,1866-09-21,France,1928,1,4539342,Physiology or Medicine,Institut Pasteur,Tunisia
35,male,Owen Willans Richardson,1879-04-26,United Kingdom,1928,1,4539342,Physics,London University,United Kingdom
601,female,Sigrid Undset,1882-05-20,Denmark,1928,1,4539342,Literature,,
186,male,Arthur Harden,1865-10-12,United Kingdom,1929,1/2,4996952,Chemistry,London University,United Kingdom
319,male,Christiaan Eijkman,1858-08-11,the Netherlands,1929,1/2,4996952,Physiology or Medicine,Utrecht University,the Netherlands
494,male,Frank B. Kellogg,1856-12-22,USA,1929,1,4996952,Peace,,
187,male,Hans von Euler-Chelpin,1873-02-15,Germany,1929,1/2,4996952,Chemistry,Stockholm University,Sweden
36,male,Louis de Broglie,1892-08-15,France,1929,1,4996952,Physics,"Sorbonne University, Institut Henri Poincaré",France
320,male,Sir Frederick Hopkins,1861-06-20,United Kingdom,1929,1/2,4996952,Physiology or Medicine,University of Cambridge,United Kingdom
602,male,Thomas Mann,1875-06-06,Germany,1929,1,4996952,Literature,,
188,male,Hans Fischer,1881-07-27,Germany,1930,1,5158685,Chemistry,Technische Hochschule (Institute of Technology),Germany
321,male,Karl Landsteiner,1868-06-14,Austria,1930,1,5158685,Physiology or Medicine,Rockefeller Institute for Medical Research,USA
495,male,Nathan Söderblom,1866-01-15,Sweden,1930,1,5158685,Peace,,
603,male,Sinclair Lewis,1885-02-07,USA,1930,1,5158685,Literature,,
37,male,Sir Chandrasekhara Venkata Raman,1888-11-07,India,1930,1,5158685,Physics,Calcutta University,India
189,male,Carl Bosch,1874-08-27,Germany,1931,1/2,5333069,Chemistry,University of Heidelberg,Germany
604,male,Erik Axel Karlfeldt,1864-07-20,Sweden,1931,1,5333069,Literature,,
190,male,Friedrich Bergius,1884-10-11,Poland,1931,1/2,5333069,Chemistry,University of Heidelberg,Germany
496,female,Jane Addams,1860-09-06,USA,1931,1/2,5333069,Peace,,
497,male,Nicholas Murray Butler,1862-04-02,USA,1931,1/2,5333069,Peace,Columbia University,USA
322,male,Otto Warburg,1883-10-08,Germany,1931,1,5333069,Physiology or Medicine,Kaiser-Wilhelm-Institut (now Max-Planck-Institut) für Biologie,Germany
324,male,Edgar Adrian,1889-11-30,United Kingdom,1932,1/2,5375024,Physiology or Medicine,University of Cambridge,United Kingdom
191,male,Irving Langmuir,1881-01-31,USA,1932,1,5375024,Chemistry,General Electric Company,USA
605,male,John Galsworthy,1867-08-14,United Kingdom,1932,1,5375024,Literature,,
323,male,Sir Charles Sherrington,1857-11-27,United Kingdom,1932,1/2,5375024,Physiology or Medicine,University of Oxford,United Kingdom
38,male,Werner Heisenberg,1901-12-05,Germany,1932,1,5375024,Physics,Leipzig University,Germany
39,male,Erwin Schrödinger,1887-08-12,Austria,1933,1/2,5511251,Physics,Berlin University,Germany
606,male,Ivan Bunin,1870-10-22,Russia,1933,1,5511251,Literature,,
40,male,Paul A.M. Dirac,1902-08-08,United Kingdom,1933,1/2,5511251,Physics,University of Cambridge,United Kingdom
498,male,Sir Norman Angell,1872-12-26,United Kingdom,1933,1,5511251,Peace,,
325,male,Thomas H. Morgan,1866-09-25,USA,1933,1,5511251,Physiology or Medicine,California Institute of Technology (Caltech),USA
499,male,Arthur Henderson,1863-09-13,Scotland,1934,1,5261333,Peace,,
326,male,George H. Whipple,1878-08-28,USA,1934,1/3,5261333,Physiology or Medicine,University of Rochester,USA
327,male,George R. Minot,1885-12-02,USA,1934,1/3,5261333,Physiology or Medicine,Harvard University,USA
192,male,Harold C. Urey,1893-04-29,USA,1934,1,5261333,Chemistry,Columbia University,USA
607,male,Luigi Pirandello,1867-06-28,Italy,1934,1,5261333,Literature,,
328,male,William P. Murphy,1892-02-06,USA,1934,1/3,5261333,Physiology or Medicine,Harvard University,USA
500,male,Carl von Ossietzky,1889-10-03,Germany,1935,1,5088026,Peace,,
193,male,Frédéric Joliot,1900-03-19,France,1935,1/2,5088026,Chemistry,Institut du Radium,France
329,male,Hans Spemann,1869-06-27,Germany,1935,1,5088026,Physiology or Medicine,University of Freiburg im Breisgau,Germany
194,female,Irène Joliot-Curie,1897-09-12,France,1935,1/2,5088026,Chemistry,Institut du Radium,France
41,male,James Chadwick,1891-10-20,United Kingdom,1935,1,5088026,Physics,Liverpool University,United Kingdom
43,male,Carl D. Anderson,1905-09-03,USA,1936,1/2,5002519,Physics,California Institute of Technology (Caltech),USA
501,male,Carlos Saavedra Lamas,1878-11-01,Argentina,1936,1,5002519,Peace,,
608,male,Eugene O'Neill,1888-10-16,USA,1936,1,5002519,Literature,,
331,male,Otto Loewi,1873-06-03,Germany,1936,1/2,5002519,Physiology or Medicine,Graz University,Austria
195,male,Peter Debye,1884-03-24,the Netherlands,1936,1,5002519,Chemistry,Berlin University,Germany
330,male,Sir Henry Dale,1875-06-09,United Kingdom,1936,1/2,5002519,Physiology or Medicine,National Institute for Medical Research,United Kingdom
42,male,Victor F. Hess,1883-06-24,Austria,1936,1/2,5002519,Physics,Innsbruck University,Austria
332,male,Albert Szent-Györgyi,1893-09-16,Hungary,1937,1,4801680,Physiology or Medicine,Szeged University,Hungary
44,male,Clinton Davisson,1881-10-22,USA,1937,1/2,4801680,Physics,Bell Telephone Laboratories,USA
45,male,George Paget Thomson,1892-05-03,United Kingdom,1937,1/2,4801680,Physics,London University,United Kingdom
196,male,Norman Haworth,1883-03-19,United Kingdom,1937,1/2,4801680,Chemistry,Birmingham University,United Kingdom
197,male,Paul Karrer,1889-04-21,Russia,1937,1/2,4801680,Chemistry,University of Zurich,Switzerland
502,male,"Robert Cecil, Viscount Cecil of Chelwood",1864-09-14,United Kingdom,1937,1,4801680,Peace,,
609,male,Roger Martin du Gard,1881-03-23,France,1937,1,4801680,Literature,,
333,male,Corneille Heymans,1892-03-28,Belgium,1938,1,4625656,Physiology or Medicine,Ghent University,Belgium
46,male,Enrico Fermi,1901-09-29,Italy,1938,1,4625656,Physics,Rome University,Italy
610,female,Pearl Buck,1892-06-26,USA,1938,1,4625656,Literature,,
198,male,Richard Kuhn,1900-12-03,Austria,1938,1,4625656,Chemistry,Kaiser-Wilhelm-Institut (now Max-Planck Institut) für Medizinische Forschung,Germany
199,male,Adolf Butenandt,1903-03-24,Germany,1939,1/2,4304564,Chemistry,Kaiser-Wilhelm-Institut (now Max-Planck-Institut) für Biochemie,Germany
47,male,Ernest Lawrence,1901-08-08,USA,1939,1,4304564,Physics,University of California,USA
613,male,Frans Eemil Sillanpää,1888-09-16,Finland,1939,1,4304564,Literature,,
334,male,Gerhard Domagk,1895-10-30,Poland,1939,1,4304564,Physiology or Medicine,Munster University,Germany
200,male,Leopold Ruzicka,1887-09-13,Croatia,1939,1/2,4304564,Chemistry,Eidgenössische Technische Hochschule (Swiss Federal Institute of Technology),Switzerland
336,male,Edward A. Doisy,1893-11-13,USA,1943,1/2,2566588,Physiology or Medicine,Saint Louis University,USA
201,male,George de Hevesy,1885-08-01,Hungary,1943,1,2566588,Chemistry,Stockholm University,Sweden
335,male,Henrik Dam,1895-02-21,Denmark,1943,1/2,2566588,Physiology or Medicine,Polytechnic Institute,Denmark
48,male,Otto Stern,1888-02-17,Poland,1943,1,2566588,Physics,Carnegie Institute of Technology,USA
338,male,Herbert S. Gasser,1888-07-05,USA,1944,1/2,2555983,Physiology or Medicine,Rockefeller Institute for Medical Research,USA
49,male,Isidor Isaac Rabi,1898-07-29,Poland,1944,1,2555983,Physics,Columbia University,USA
614,male,Johannes V. Jensen,1873-01-20,Denmark,1944,1,2555983,Literature,,
337,male,Joseph Erlanger,1874-01-05,USA,1944,1/2,2555983,Physiology or Medicine,Washington University,USA
202,male,Otto Hahn,1879-03-08,Germany,1944,1,2555983,Chemistry,Kaiser-Wilhelm-Institut (now Max-Planck Institut) für Chemie,Germany
203,male,Artturi Virtanen,1895-01-15,Finland,1945,1,2545326,Chemistry,University of Helsinki,Finland
505,male,Cordell Hull,1871-10-02,USA,1945,1,2545326,Peace,,
340,male,Ernst B. Chain,1906-06-19,Germany,1945,1/3,2545326,Physiology or Medicine,University of Oxford,United Kingdom
615,female,Gabriela Mistral,1889-04-07,Chile,1945,1,2545326,Literature,,
339,male,Sir Alexander Fleming,1881-08-06,Scotland,1945,1/3,2545326,Physiology or Medicine,London University,United Kingdom
341,male,Sir Howard Florey,1898-09-24,Australia,1945,1/3,2545326,Physiology or Medicine,University of Oxford,United Kingdom
50,male,Wolfgang Pauli,1900-04-25,Austria,1945,1,2545326,Physics,Princeton University,USA
506,female,Emily Greene Balch,1867-01-08,USA,1946,1/2,2549333,Peace,,
617,male,Hermann Hesse,1877-07-02,Germany,1946,1,2549333,Literature,,
342,male,Hermann J. Muller,1890-12-21,USA,1946,1,2549333,Physiology or Medicine,Indiana University,USA
204,male,James B. Sumner,1887-11-19,USA,1946,1/2,2549333,Chemistry,Cornell University,USA
205,male,John H. Northrop,1891-07-05,USA,1946,1/4,2549333,Chemistry,Rockefeller Institute for Medical Research,USA
507,male,John R. Mott,1865-05-25,USA,1946,1/2,2549333,Peace,,
51,male,Percy W. Bridgman,1882-04-21,USA,1946,1,2549333,Physics,Harvard University,USA
206,male,Wendell M. Stanley,1904-08-16,USA,1946,1/4,2549333,Chemistry,Rockefeller Institute for Medical Research,USA
618,male,André Gide,1869-11-22,France,1947,1,2967378,Literature,,
345,male,Bernardo Houssay,1887-04-10,Argentina,1947,1/2,2967378,Physiology or Medicine,Instituto de Biologia y Medicina Experimental (Institute for Biology and Experimental Medicine),Argentina
343,male,Carl Cori,1896-12-05,Czech Republic,1947,1/4,2967378,Physiology or Medicine,Washington University,USA
52,male,Edward V. Appleton,1892-09-06,United Kingdom,1947,1,2967378,Physics,Department of Scientific and Industrial Research,United Kingdom
344,female,Gerty Cori,1896-08-15,Czech Republic,1947,1/4,2967378,Physiology or Medicine,Washington University,USA
207,male,Sir Robert Robinson,1886-09-13,United Kingdom,1947,1,2967378,Chemistry,University of Oxford,United Kingdom
208,male,Arne Tiselius,1902-08-10,Sweden,1948,1,3112313,Chemistry,Uppsala University,Sweden
53,male,Patrick M.S. Blackett,1897-11-18,United Kingdom,1948,1,3112313,Physics,Victoria University,United Kingdom
346,male,Paul Müller,1899-01-12,Switzerland,1948,1,3112313,Physiology or Medicine,Laboratorium der Farben-Fabriken J.R. Geigy A.G. (Laboratory of the J.R. Geigy Dye-Factory Co.),Switzerland
619,male,T.S. Eliot,1888-09-26,USA,1948,1,3112313,Literature,,
348,male,Egas Moniz,1874-11-29,Portugal,1949,1/2,2983576,Physiology or Medicine,University of Lisbon,Portugal
54,male,Hideki Yukawa,1907-01-23,Japan,1949,1,2983576,Physics,Kyoto Imperial University,Japan
510,male,Lord Boyd Orr,1880-09-23,Scotland,1949,1,2983576,Peace,,
347,male,Walter Hess,1881-03-17,Switzerland,1949,1/2,2983576,Physiology or Medicine,University of Zurich,Switzerland
209,male,William F. Giauque,1895-05-12,Canada,1949,1,2983576,Chemistry,University of California,USA
620,male,William Faulkner,1897-09-25,USA,1949,1,2983576,Literature,,
621,male,Bertrand Russell,1872-05-18,United Kingdom,1950,1,3105508,Literature,,
55,male,Cecil Powell,1903-12-05,United Kingdom,1950,1,3105508,Physics,Bristol University,United Kingdom
349,male,Edward C. Kendall,1886-03-08,USA,1950,1/3,3105508,Physiology or Medicine,Mayo Clinic,USA
211,male,Kurt Alder,1902-07-10,Poland,1950,1/2,3105508,Chemistry,Cologne University,Germany
210,male,Otto Diels,1876-01-23,Germany,1950,1/2,3105508,Chemistry,Kiel University,Germany
351,male,Philip S. Hench,1896-02-28,USA,1950,1/3,3105508,Physiology or Medicine,Mayo Clinic,USA
511,male,Ralph Bunche,1904-08-07,USA,1950,1,3105508,Peace,Harvard University,USA
350,male,Tadeus Reichstein,1897-07-20,Poland,1950,1/3,3105508,Physiology or Medicine,Basel University,Switzerland
212,male,Edwin M. McMillan,1907-09-18,USA,1951,1/2,2734798,Chemistry,University of California,USA
57,male,Ernest T.S. Walton,1903-10-06,Ireland,1951,1/2,2734798,Physics,Trinity College,Ireland
213,male,Glenn T. Seaborg,1912-04-19,USA,1951,1/2,2734798,Chemistry,University of California,USA
56,male,John Cockcroft,1897-05-27,United Kingdom,1951,1/2,2734798,Physics,Atomic Energy Research Establishment,United Kingdom
512,male,Léon Jouhaux,1879-07-01,France,1951,1,2734798,Peace,,
352,male,Max Theiler,1899-01-30,South Africa,1951,1,2734798,Physiology or Medicine,"Laboratories of the Division of Medicine and Public Health, Rockefeller Foundation",USA
622,male,Pär Lagerkvist,1891-05-23,Sweden,1951,1,2734798,Literature,,
513,male,Albert Schweitzer,1875-01-14,France,1952,1,2592831,Peace,,
214,male,Archer J.P. Martin,1910-03-01,United Kingdom,1952,1/2,2592831,Chemistry,National Institute for Medical Research,United Kingdom
59,male,E. M. Purcell,1912-08-30,USA,1952,1/2,2592831,Physics,Harvard University,USA
58,male,Felix Bloch,1905-10-23,Switzerland,1952,1/2,2592831,Physics,Stanford University,USA
623,male,François Mauriac,1885-10-11,France,1952,1,2592831,Literature,,
215,male,Richard L.M. Synge,1914-10-28,United Kingdom,1952,1/2,2592831,Chemistry,Rowett Research Institute,United Kingdom
353,male,Selman A. Waksman,1888-07-22,Ukraine,1952,1,2592831,Physiology or Medicine,Rutgers University,USA
60,male,Frits Zernike,1888-07-16,the Netherlands,1953,1,2614331,Physics,Groningen University,the Netherlands
355,male,Fritz Lipmann,1899-06-12,Russia,1953,1/2,2614331,Physiology or Medicine,Harvard Medical School,USA
514,male,George C. Marshall,1880-12-31,USA,1953,1,2614331,Peace,,
354,male,Hans Krebs,1900-08-25,Germany,1953,1/2,2614331,Physiology or Medicine,Sheffield University,United Kingdom
216,male,Hermann Staudinger,1881-03-23,Germany,1953,1,2614331,Chemistry,University of Freiburg,Germany
624,male,Winston Churchill,1874-11-30,United Kingdom,1953,1,2614331,Literature,,
625,male,Ernest Hemingway,1899-07-21,USA,1954,1,2688094,Literature,,
358,male,Frederick C. Robbins,1916-08-25,USA,1954,1/3,2688094,Physiology or Medicine,Western Reserve University,USA
356,male,John F. Enders,1897-02-10,USA,1954,1/3,2688094,Physiology or Medicine,Harvard Medical School,USA
217,male,Linus Pauling,1901-02-28,USA,1962,1,2888429,Peace,California Institute of Technology (Caltech),USA
217,male,Linus Pauling,1901-02-28,USA,1962,1,2888429,Peace,California Institute of Technology (Caltech),USA
61,male,Max Born,1882-12-11,Poland,1954,1/2,2688094,Physics,Edinburgh University,United Kingdom
357,male,Thomas H. Weller,1915-06-15,USA,1954,1/3,2688094,Physiology or Medicine,"Research Division of Infectious Diseases, Children's Medical Center",USA
62,male,Walther Bothe,1891-01-08,Germany,1954,1/2,2688094,Physics,University of Heidelberg,Germany
626,male,Halldór Laxness,1902-04-23,Iceland,1955,1,2730214,Literature,,
359,male,Hugo Theorell,1903-07-06,Sweden,1955,1,2730214,Physiology or Medicine,"Karolinska Institutet, Nobel Medical Institute",Sweden
64,male,Polykarp Kusch,1911-01-26,Germany,1955,1/2,2730214,Physics,Columbia University,USA
218,male,Vincent du Vigneaud,1901-05-18,USA,1955,1,2730214,Chemistry,Cornell University,USA
63,male,Willis E. Lamb,1913-07-12,USA,1955,1/2,2730214,Physics,Stanford University,USA
360,male,André F. Cournand,1895-09-24,France,1956,1/3,2748452,Physiology or Medicine,"Columbia University Division, Cardio-Pulmonary Laboratory, Bellevue Hospital",USA
362,male,Dickinson W. Richards,1895-10-30,USA,1956,1/3,2748452,Physiology or Medicine,Columbia University,USA
66,male,John Bardeen,1908-05-23,USA,1956,1/3,2748452,Physics,University of Illinois,USA
66,male,John Bardeen,1908-05-23,USA,1956,1/3,2748452,Physics,University of Illinois,USA
627,male,Juan Ramón Jiménez,1881-12-24,Spain,1956,1,2748452,Literature,,
220,male,Nikolay Semenov,1896-04-03,Russia,1956,1/2,2748452,Chemistry,Institute for Chemical Physics of the Academy of Sciences of the USSR,Russia
219,male,Sir Cyril Hinshelwood,1897-05-19,United Kingdom,1956,1/2,2748452,Chemistry,University of Oxford,United Kingdom
67,male,Walter H. Brattain,1902-02-10,China,1956,1/3,2748452,Physics,Bell Telephone Laboratories,USA
361,male,Werner Forssmann,1904-08-29,Germany,1956,1/3,2748452,Physiology or Medicine,Mainz University,Germany
65,male,William B. Shockley,1910-02-13,United Kingdom,1956,1/3,2748452,Physics,"Semiconductor Laboratory of Beckman Instruments, Inc.",USA
628,male,Albert Camus,1913-11-07,Algeria,1957,1,2746709,Literature,,
68,male,Chen Ning Yang,1922-09-22,China,1957,1/2,2746709,Physics,Institute for Advanced Study,USA
363,male,Daniel Bovet,1907-03-23,Switzerland,1957,1,2746709,Physiology or Medicine,Istituto Superiore di Sanità (Chief Institute of Public Health),Italy
516,male,Lester Bowles Pearson,1897-04-23,Canada,1957,1,2746709,Peace,,
221,male,Lord Todd,1907-10-02,Scotland,1957,1,2746709,Chemistry,University of Cambridge,United Kingdom
69,male,Tsung-Dao Lee,1926-11-24,China,1957,1/2,2746709,Physics,Columbia University,USA
629,male,Boris Pasternak,1890-02-10,Russia,1958,1,2694692,Literature,,
365,male,Edward Tatum,1909-12-14,USA,1958,1/4,2694692,Physiology or Medicine,Rockefeller Institute for Medical Research,USA
222,male,Frederick Sanger,1918-08-13,United Kingdom,1958,1,2694692,Chemistry,University of Cambridge,United Kingdom
222,male,Frederick Sanger,1918-08-13,United Kingdom,1958,1,2694692,Chemistry,University of Cambridge,United Kingdom
364,male,George Beadle,1903-10-22,USA,1958,1/4,2694692,Physiology or Medicine,California Institute of Technology (Caltech),USA
517,male,Georges Pire,1910-02-10,Belgium,1958,1,2694692,Peace,,
71,male,Igor Y. Tamm,1895-07-08,Russia,1958,1/3,2694692,Physics,Lomonosov Moscow State University,Russia
721,male,Il´ja M. Frank,1908-10-23,Russia,1958,1/3,2694692,Physics,Lomonosov Moscow State University,Russia
366,male,Joshua Lederberg,1925-05-23,USA,1958,1/2,2694692,Physiology or Medicine,University of Wisconsin,USA
70,male,Pavel A. Cherenkov,1904-07-28,Russia,1958,1/3,2694692,Physics,P.N. Lebedev Physical Institute,Russia
368,male,Arthur Kornberg,1918-03-03,USA,1959,1/2,2753427,Physiology or Medicine,Stanford University,USA
72,male,Emilio Segrè,1905-02-01,Italy,1959,1/2,2753427,Physics,University of California,USA
223,male,Jaroslav Heyrovsky,1890-12-20,Czech Republic,1959,1,2753427,Chemistry,Polarographic Institute of the Czechoslovak Academy of Science,Czech Republic
73,male,Owen Chamberlain,1920-07-10,USA,1959,1/2,2753427,Physics,University of California,USA
518,male,Philip Noel-Baker,1889-11-01,United Kingdom,1959,1,2753427,Peace,,
630,male,Salvatore Quasimodo,1901-08-20,Italy,1959,1,2753427,Literature,,
367,male,Severo Ochoa,1905-09-24,Spain,1959,1/2,2753427,Physiology or Medicine,"New York University, College of Medicine",USA
519,male,Albert Luthuli,1898-00-00,Zimbabwe,1960,1,2713265,Peace,,
74,male,Donald A. Glaser,1926-09-21,USA,1960,1,2713265,Physics,University of California,USA
370,male,Peter Medawar,1915-02-28,Brazil,1960,1/2,2713265,Physiology or Medicine,University College,United Kingdom
631,male,Saint-John Perse,1887-05-31,Guadeloupe Island,1960,1,2713265,Literature,,
369,male,Sir Frank Macfarlane Burnet,1899-09-03,Australia,1960,1/2,2713265,Physiology or Medicine,Walter and Eliza Hall Institute for Medical Research,Australia
224,male,Willard F. Libby,1908-12-17,USA,1960,1,2713265,Chemistry,University of California,USA
520,male,Dag Hammarskjöld,1905-07-29,Sweden,1961,1,2930643,Peace,,
371,male,Georg von Békésy,1899-06-03,Hungary,1961,1,2930643,Physiology or Medicine,Harvard University,USA
633,male,Ivo Andric,1892-10-10,Bosnia and Herzegovina,1961,1,2930643,Literature,,
225,male,Melvin Calvin,1911-04-08,USA,1961,1,2930643,Chemistry,University of California,USA
75,male,Robert Hofstadter,1915-02-05,USA,1961,1/2,2930643,Physics,Stanford University,USA
76,male,Rudolf Mössbauer,1929-01-31,Germany,1961,1/2,2930643,Physics,Technical University,Germany
372,male,Francis Crick,1916-06-08,United Kingdom,1962,1/3,2888429,Physiology or Medicine,MRC Laboratory of Molecular Biology,United Kingdom
373,male,James Watson,1928-04-06,USA,1962,1/3,2888429,Physiology or Medicine,Harvard University,USA
227,male,John C. Kendrew,1917-03-24,United Kingdom,1962,1/2,2888429,Chemistry,MRC Laboratory of Molecular Biology,United Kingdom
634,male,John Steinbeck,1902-02-27,USA,1962,1,2888429,Literature,,
77,male,Lev Landau,1908-01-22,Azerbaijan,1962,1,2888429,Physics,Academy of Sciences,Russia
217,male,Linus Pauling,1901-02-28,USA,1962,1,2888429,Peace,California Institute of Technology (Caltech),USA
217,male,Linus Pauling,1901-02-28,USA,1962,1,2888429,Peace,California Institute of Technology (Caltech),USA
374,male,Maurice Wilkins,1916-12-15,New Zealand,1962,1/3,2888429,Physiology or Medicine,London University,United Kingdom
226,male,Max F. Perutz,1914-05-19,Austria,1962,1/2,2888429,Chemistry,MRC Laboratory of Molecular Biology,United Kingdom
376,male,Alan Hodgkin,1914-02-05,United Kingdom,1963,1/3,2890771,Physiology or Medicine,University of Cambridge,United Kingdom
377,male,Andrew Huxley,1917-11-22,United Kingdom,1963,1/3,2890771,Physiology or Medicine,University College,United Kingdom
78,male,Eugene Wigner,1902-11-17,Hungary,1963,1/2,2890771,Physics,Princeton University,USA
635,male,Giorgos Seferis,1900-03-13,Turkey,1963,1,2890771,Literature,,
229,male,Giulio Natta,1903-02-26,Italy,1963,1/2,2890771,Chemistry,Institute of Technology,Italy
80,male,J. Hans D. Jensen,1907-06-25,Germany,1963,1/4,2890771,Physics,University of Heidelberg,Germany
228,male,Karl Ziegler,1898-11-26,Germany,1963,1/2,2890771,Chemistry,Max-Planck-Institut für Kohlenforschung (Max-Planck-Institute for Carbon Research),Germany
79,female,Maria Goeppert Mayer,1906-06-28,Poland,1963,1/4,2890771,Physics,University of California,USA
375,male,Sir John Eccles,1903-01-27,Australia,1963,1/3,2890771,Physiology or Medicine,Australian National University,Australia
83,male,Aleksandr M. Prokhorov,1916-07-11,Australia,1964,1/4,2879320,Physics,P.N. Lebedev Physical Institute,Russia
81,male,Charles H. Townes,1915-07-28,USA,1964,1/2,2879320,Physics,Massachusetts Institute of Technology (MIT),USA
230,female,Dorothy Crowfoot Hodgkin,1910-05-12,Egypt,1964,1,2879320,Chemistry,"University of Oxford, Royal Society",United Kingdom
379,male,Feodor Lynen,1911-04-06,Germany,1964,1/2,2879320,Physiology or Medicine,Max-Planck-Institut für Zellchemie,Germany
637,male,Jean-Paul Sartre,1905-06-21,France,1964,1,2879320,Literature,,
378,male,Konrad Bloch,1912-01-21,Poland,1964,1/2,2879320,Physiology or Medicine,Harvard University,USA
524,male,Martin Luther King Jr.,1929-01-15,USA,1964,1,2879320,Peace,,
82,male,Nicolay G. Basov,1922-12-14,Russia,1964,1/4,2879320,Physics,P.N. Lebedev Physical Institute,Russia
381,male,André Lwoff,1902-05-08,France,1965,1/3,2833358,Physiology or Medicine,Institut Pasteur,France
380,male,François Jacob,1920-06-17,France,1965,1/3,2833358,Physiology or Medicine,Institut Pasteur,France
382,male,Jacques Monod,1910-02-09,France,1965,1/3,2833358,Physiology or Medicine,Institut Pasteur,France
85,male,Julian Schwinger,1918-02-12,USA,1965,1/3,2833358,Physics,Harvard University,USA
638,male,Mikhail Sholokhov,1905-05-24,Russia,1965,1,2833358,Literature,,
86,male,Richard P. Feynman,1918-05-11,USA,1965,1/3,2833358,Physics,California Institute of Technology (Caltech),USA
231,male,Robert B. Woodward,1917-04-10,USA,1965,1,2833358,Chemistry,Harvard University,USA
84,male,Sin-Itiro Tomonaga,1906-03-31,Japan,1965,1/3,2833358,Physics,Tokyo University of Education,Japan
87,male,Alfred Kastler,1902-05-03,France,1966,1,2835149,Physics,École Normale Supérieure,France
384,male,Charles B. Huggins,1901-09-22,Canada,1966,1/2,2835149,Physiology or Medicine,"University of Chicago, Ben May Laboratory for Cancer Research",USA
640,female,Nelly Sachs,1891-12-10,Germany,1966,1/2,2835149,Literature,,
383,male,Peyton Rous,1879-10-05,USA,1966,1/2,2835149,Physiology or Medicine,Rockefeller University,USA
232,male,Robert S. Mulliken,1896-06-07,USA,1966,1,2835149,Chemistry,University of Chicago,USA
639,male,Shmuel Agnon,1888-07-17,Ukraine,1966,1/2,2835149,Literature,,
235,male,George Porter,1920-12-06,United Kingdom,1967,1/4,2895166,Chemistry,Royal Institution of Great Britain,United Kingdom
387,male,George Wald,1906-11-18,USA,1967,1/3,2895166,Physiology or Medicine,Harvard University,USA
88,male,Hans Bethe,1906-07-02,France,1967,1,2895166,Physics,Cornell University,USA
386,male,Keffer Hartline,1903-12-22,USA,1967,1/3,2895166,Physiology or Medicine,Rockefeller University,USA
233,male,Manfred Eigen,1927-05-09,Germany,1967,1/2,2895166,Chemistry,Max-Planck-Institut für Physikalische Chemie,Germany
641,male,Miguel Angel Asturias,1899-10-19,Guatemala,1967,1,2895166,Literature,,
385,male,Ragnar Granit,1900-10-30,Finland,1967,1/3,2895166,Physiology or Medicine,Karolinska Institutet,Sweden
234,male,Ronald G.W. Norrish,1897-11-09,United Kingdom,1967,1/4,2895166,Chemistry,Institute of Physical Chemistry,United Kingdom
389,male,H. Gobind Khorana,1922-01-09,India,1968,1/3,3107674,Physiology or Medicine,University of Wisconsin,USA
236,male,Lars Onsager,1903-11-27,Norway,1968,1,3107674,Chemistry,Yale University,USA
89,male,Luis Alvarez,1911-06-13,USA,1968,1,3107674,Physics,University of California,USA
390,male,Marshall W. Nirenberg,1927-04-10,USA,1968,1/3,3107674,Physiology or Medicine,National Institutes of Health,USA
526,male,René Cassin,1887-10-05,France,1968,1,3107674,Peace,,
388,male,Robert W. Holley,1922-01-28,USA,1968,1/3,3107674,Physiology or Medicine,Cornell University,USA
642,male,Yasunari Kawabata,1899-06-11,Japan,1968,1,3107674,Literature,,
392,male,Alfred D. Hershey,1908-12-04,USA,1969,1/3,3239253,Physiology or Medicine,Carnegie Institution of Washington,USA
237,male,Derek Barton,1918-09-08,United Kingdom,1969,1/2,3239253,Chemistry,Imperial College,United Kingdom
678,male,Jan Tinbergen,1903-04-12,the Netherlands,1969,1/2,3239253,Economic Sciences,The Netherlands School of Economics,the Netherlands
391,male,Max Delbrück,1906-09-04,Germany,1969,1/3,3239253,Physiology or Medicine,California Institute of Technology (Caltech),USA
90,male,Murray Gell-Mann,1929-09-15,USA,1969,1,3239253,Physics,California Institute of Technology (Caltech),USA
238,male,Odd Hassel,1897-05-17,Norway,1969,1/2,3239253,Chemistry,University of Oslo,Norway
677,male,Ragnar Frisch,1895-03-03,Norway,1969,1/2,3239253,Economic Sciences,University of Oslo,Norway
393,male,Salvador E. Luria,1912-08-13,Italy,1969,1/3,3239253,Physiology or Medicine,Massachusetts Institute of Technology (MIT),USA
643,male,Samuel Beckett,1906-04-13,Ireland,1969,1,3239253,Literature,,
644,male,Alexandr Solzhenitsyn,1918-12-11,Russia,1970,1,3235593,Literature,,
91,male,Hannes Alfvén,1908-05-30,Sweden,1970,1/2,3235593,Physics,Royal Institute of Technology,Sweden
396,male,Julius Axelrod,1912-05-30,USA,1970,1/3,3235593,Physiology or Medicine,National Institutes of Health,USA
92,male,Louis Néel,1904-11-22,France,1970,1/2,3235593,Physics,University of Grenoble,France
239,male,Luis Leloir,1906-09-06,France,1970,1,3235593,Chemistry,Institute for Biochemical Research,Argentina
528,male,Norman Borlaug,1914-03-25,USA,1970,1,3235593,Peace,,
679,male,Paul A. Samuelson,1915-05-15,USA,1970,1,3235593,Economic Sciences,Massachusetts Institute of Technology (MIT),USA
394,male,Sir Bernard Katz,1911-03-26,Germany,1970,1/3,3235593,Physiology or Medicine,University College,United Kingdom
395,male,Ulf von Euler,1905-02-07,Sweden,1970,1/3,3235593,Physiology or Medicine,Karolinska Institutet,Sweden
93,male,Dennis Gabor,1900-06-05,Hungary,1971,1,3382087,Physics,Imperial College,United Kingdom
397,male,"Earl W. Sutherland, Jr.",1915-11-19,USA,1971,1,3382087,Physiology or Medicine,Vanderbilt University,USA
240,male,Gerhard Herzberg,1904-12-25,Germany,1971,1,3382087,Chemistry,National Research Council of Canada,Canada
645,male,Pablo Neruda,1904-07-12,Chile,1971,1,3382087,Literature,,
680,male,Simon Kuznets,1901-04-30,Belarus,1971,1,3382087,Economic Sciences,Harvard University,USA
529,male,Willy Brandt,1913-12-18,Germany,1971,1,3382087,Peace,,
241,male,Christian Anfinsen,1916-03-26,USA,1972,1/2,3406394,Chemistry,National Institutes of Health,USA
398,male,Gerald M. Edelman,1929-07-01,USA,1972,1/2,3406394,Physiology or Medicine,Rockefeller University,USA
647,male,Heinrich Böll,1917-12-21,Germany,1972,1,3406394,Literature,,
66,male,John Bardeen,1908-05-23,USA,1956,1/3,2748452,Physics,University of Illinois,USA
66,male,John Bardeen,1908-05-23,USA,1956,1/3,2748452,Physics,University of Illinois,USA
681,male,John R. Hicks,1904-04-08,United Kingdom,1972,1/2,3406394,Economic Sciences,All Souls College,United Kingdom
682,male,Kenneth J. Arrow,1921-08-23,USA,1972,1/2,3406394,Economic Sciences,Harvard University,USA
95,male,Leon N. Cooper,1930-02-28,USA,1972,1/3,3406394,Physics,Brown University,USA
96,male,Robert Schrieffer,1931-05-31,USA,1972,1/3,3406394,Physics,University of Pennsylvania,USA
399,male,Rodney R. Porter,1917-10-08,United Kingdom,1972,1/2,3406394,Physiology or Medicine,University of Oxford,United Kingdom
242,male,Stanford Moore,1913-09-04,USA,1972,1/4,3406394,Chemistry,Rockefeller University,USA
243,male,William H. Stein,1911-06-25,USA,1972,1/4,3406394,Chemistry,Rockefeller University,USA
99,male,Brian D. Josephson,1940-01-04,United Kingdom,1973,1/2,3392300,Physics,University of Cambridge,United Kingdom
244,male,Ernst Otto Fischer,1918-11-10,Germany,1973,1/2,3392300,Chemistry,Technical University,Germany
245,male,Geoffrey Wilkinson,1921-07-14,United Kingdom,1973,1/2,3392300,Chemistry,Imperial College,United Kingdom
530,male,Henry Kissinger,1923-05-27,Germany,1973,1/2,3392300,Peace,,
98,male,Ivar Giaever,1929-04-05,Norway,1973,1/4,3392300,Physics,General Electric Company,USA
400,male,Karl von Frisch,1886-11-20,Austria,1973,1/3,3392300,Physiology or Medicine,Zoologisches Institut der Universität München,Germany
401,male,Konrad Lorenz,1903-11-07,Austria,1973,1/3,3392300,Physiology or Medicine,"Konrad-Lorenz-Institut der Österreichischen Akademie der Wissen­schaften, Forschungsstelle für Ethologie",Austria
531,male,Le Duc Tho ,1911-10-14,Vietnam,1973,1/2,3392300,Peace,,
97,male,Leo Esaki,1925-03-12,Japan,1973,1/4,3392300,Physics,IBM Thomas J. Watson Research Center,USA
402,male,Nikolaas Tinbergen,1907-04-15,the Netherlands,1973,1/3,3392300,Physiology or Medicine,University of Oxford,United Kingdom
648,male,Patrick White,1912-05-28,United Kingdom,1973,1,3392300,Literature,,
683,male,Wassily Leontief,1906-08-05,Russia,1973,1,3392300,Economic Sciences,Harvard University,USA
403,male,Albert Claude,1898-08-24,Belgium,1974,1/3,3322627,Physiology or Medicine,Université Catholique de Louvain,Belgium
101,male,Antony Hewish,1924-05-11,United Kingdom,1974,1/2,3322627,Physics,University of Cambridge,United Kingdom
404,male,Christian de Duve,1917-10-02,United Kingdom,1974,1/3,3322627,Physiology or Medicine,Rockefeller University,USA
533,male,Eisaku Sato,1901-03-27,Japan,1974,1/2,3322627,Peace,,
649,male,Eyvind Johnson,1900-07-29,Sweden,1974,1/2,3322627,Literature,,
685,male,Friedrich von Hayek,1899-05-08,Austria,1974,1/2,3322627,Economic Sciences,,
405,male,George E. Palade,1912-11-19,Romania,1974,1/3,3322627,Physiology or Medicine,"Yale University, School of Medicine",USA
684,male,Gunnar Myrdal,1898-12-06,Sweden,1974,1/2,3322627,Economic Sciences,,
650,male,Harry Martinson,1904-05-06,Sweden,1974,1/2,3322627,Literature,,
100,male,Martin Ryle,1918-09-27,United Kingdom,1974,1/2,3322627,Physics,University of Cambridge,United Kingdom
246,male,Paul J. Flory,1910-06-19,USA,1974,1,3322627,Chemistry,Stanford University,USA
532,male,Seán MacBride,1904-01-26,France,1974,1/2,3322627,Peace,,
102,male,Aage N. Bohr,1922-06-19,Denmark,1975,1/3,3465908,Physics,Niels Bohr Institute,Denmark
534,male,Andrei Sakharov,1921-05-21,Russia,1975,1,3465908,Peace,,
103,male,Ben R. Mottelson,1926-07-09,USA,1975,1/3,3465908,Physics,Nordita,Denmark
406,male,David Baltimore,1938-03-07,USA,1975,1/3,3465908,Physiology or Medicine,Massachusetts Institute of Technology (MIT),USA
651,male,Eugenio Montale,1896-10-12,Italy,1975,1,3465908,Literature,,
408,male,Howard M. Temin,1934-12-10,USA,1975,1/3,3465908,Physiology or Medicine,University of Wisconsin,USA
104,male,James Rainwater,1917-12-09,USA,1975,1/3,3465908,Physics,Columbia University,USA
247,male,John Cornforth,1917-09-07,Australia,1975,1/2,3465908,Chemistry,University of Sussex,United Kingdom
686,male,Leonid Vitaliyevich Kantorovich,1912-01-19,Russia,1975,1/2,3465908,Economic Sciences,Academy of Sciences,Russia
407,male,Renato Dulbecco,1914-02-22,Italy,1975,1/3,3465908,Physiology or Medicine,Imperial Cancer Research Fund Laboratory,United Kingdom
687,male,Tjalling C. Koopmans,1910-08-28,the Netherlands,1975,1/2,3465908,Economic Sciences,Yale University,USA
248,male,Vladimir Prelog,1906-07-23,Bosnia and Herzegovina,1975,1/2,3465908,Chemistry,Eidgenössische Technische Hochschule (Swiss Federal Institute of Technology),Switzerland
409,male,Baruch S. Blumberg,1925-07-28,USA,1976,1/2,3403217,Physiology or Medicine,The Institute for Cancer Research,USA
535,female,Betty Williams,1943-05-22,Northern Ireland,1976,1/2,3403217,Peace,,
105,male,Burton Richter,1931-03-22,USA,1976,1/2,3403217,Physics,Stanford Linear Accelerator Center,USA
410,male,D. Carleton Gajdusek,1923-09-09,USA,1976,1/2,3403217,Physiology or Medicine,National Institutes of Health,USA
536,female,Mairead Corrigan,1944-01-27,Northern Ireland,1976,1/2,3403217,Peace,,
688,male,Milton Friedman,1912-07-31,USA,1976,1,3403217,Economic Sciences,University of Chicago,USA
106,male,Samuel C.C. Ting,1936-01-27,USA,1976,1/2,3403217,Physics,Massachusetts Institute of Technology (MIT),USA
652,male,Saul Bellow,1915-06-10,Canada,1976,1,3403217,Literature,,
249,male,William Lipscomb,1919-12-09,USA,1976,1,3403217,Chemistry,Harvard University,USA
412,male,Andrew V. Schally,1926-11-30,Lithuania,1977,1/4,3136854,Physiology or Medicine,Veterans Administration Hospital,USA
689,male,Bertil Ohlin,1899-04-23,Sweden,1977,1/2,3136854,Economic Sciences,Stockholm School of Economics,Sweden
250,male,Ilya Prigogine,1917-01-25,Russia,1977,1,3136854,Chemistry,Université Libre de Bruxelles,Belgium
690,male,James E. Meade,1907-06-23,United Kingdom,1977,1/2,3136854,Economic Sciences,University of Cambridge,United Kingdom
109,male,John H. Van Vleck,1899-03-13,USA,1977,1/3,3136854,Physics,Harvard University,USA
107,male,Philip W. Anderson,1923-12-13,USA,1977,1/3,3136854,Physics,Bell Telephone Laboratories,USA
411,male,Roger Guillemin,1924-01-11,France,1977,1/4,3136854,Physiology or Medicine,The Salk Institute,USA
413,female,Rosalyn Yalow,1921-07-19,USA,1977,1/2,3136854,Physiology or Medicine,Veterans Administration Hospital,USA
108,male,Sir Nevill F. Mott,1905-09-30,United Kingdom,1977,1/3,3136854,Physics,University of Cambridge,United Kingdom
653,male,Vicente Aleixandre,1898-04-26,Spain,1977,1,3136854,Literature,,
538,male,Anwar al-Sadat,1918-12-25,Egypt,1978,1/2,2951013,Peace,,
111,male,Arno Penzias,1933-04-26,Germany,1978,1/4,2951013,Physics,Bell Laboratories,USA
415,male,Daniel Nathans,1928-10-30,USA,1978,1/3,2951013,Physiology or Medicine,Johns Hopkins University School of Medicine,USA
416,male,Hamilton O. Smith,1931-08-23,USA,1978,1/3,2951013,Physiology or Medicine,Johns Hopkins University School of Medicine,USA
691,male,Herbert Simon,1916-06-15,USA,1978,1,2951013,Economic Sciences,Carnegie Mellon University,USA
654,male,Isaac Bashevis Singer,1904-07-14,Poland,1978,1,2951013,Literature,,
539,male,Menachem Begin,1913-08-16,Belarus,1978,1/2,2951013,Peace,,
251,male,Peter Mitchell,1920-09-29,United Kingdom,1978,1,2951013,Chemistry,Glynn Research Laboratories,United Kingdom
110,male,Pyotr Kapitsa,1894-07-09,Russia,1978,1/2,2951013,Physics,Academy of Sciences,Russia
112,male,Robert Woodrow Wilson,1936-01-10,USA,1978,1/4,2951013,Physics,Bell Laboratories,USA
414,male,Werner Arber,1929-06-03,Switzerland,1978,1/3,2951013,Physiology or Medicine,Biozentrum der Universität,Switzerland
114,male,Abdus Salam,1926-01-29,Pakistan,1979,1/3,3042231,Physics,International Centre for Theoretical Physics,Italy
417,male,Allan M. Cormack,1924-02-23,South Africa,1979,1/2,3042231,Physiology or Medicine,Tufts University,USA
253,male,Georg Wittig,1897-06-16,Germany,1979,1/2,3042231,Chemistry,University of Heidelberg,Germany
418,male,Godfrey N. Hounsfield,1919-08-28,United Kingdom,1979,1/2,3042231,Physiology or Medicine,"Central Research Laboratories, EMI",United Kingdom
252,male,Herbert C. Brown,1912-05-22,United Kingdom,1979,1/2,3042231,Chemistry,Purdue University,USA
540,female,Mother Teresa ,1910-08-26,North Macedonia,1979,1,3042231,Peace,,
655,male,Odysseus Elytis,1911-11-02,Greece,1979,1,3042231,Literature,,
113,male,Sheldon Glashow,1932-12-05,USA,1979,1/3,3042231,Physics,"Harvard University, Lyman Laboratory",USA
693,male,Sir Arthur Lewis,1915-01-23,Saint Lucia,1979,1/2,3042231,Economic Sciences,Princeton University,USA
115,male,Steven Weinberg,1933-05-03,USA,1979,1/3,3042231,Physics,Harvard University,USA
692,male,Theodore W. Schultz,1902-04-30,USA,1979,1/2,3042231,Economic Sciences,University of Chicago,USA
541,male,Adolfo Pérez Esquivel,1931-11-26,Argentina,1980,1,2942067,Peace,,
419,male,Baruj Benacerraf,1920-10-29,Venezuela,1980,1/3,2942067,Physiology or Medicine,Harvard Medical School,USA
657,male,Czeslaw Milosz,1911-06-30,Lithuania,1980,1,2942067,Literature,,
222,male,Frederick Sanger,1918-08-13,United Kingdom,1958,1,2694692,Chemistry,University of Cambridge,United Kingdom
222,male,Frederick Sanger,1918-08-13,United Kingdom,1958,1,2694692,Chemistry,University of Cambridge,United Kingdom
421,male,George D. Snell,1903-12-19,USA,1980,1/3,2942067,Physiology or Medicine,Jackson Laboratory,USA
116,male,James Cronin,1931-09-29,USA,1980,1/2,2942067,Physics,University of Chicago,USA
420,male,Jean Dausset,1916-10-19,France,1980,1/3,2942067,Physiology or Medicine,"Université de Paris, Laboratoire Immuno-Hématologie",France
694,male,Lawrence R. Klein,1920-09-14,USA,1980,1,2942067,Economic Sciences,University of Pennsylvania,USA
254,male,Paul Berg,1926-06-30,USA,1980,1/2,2942067,Chemistry,Stanford University,USA
117,male,Val Fitch,1923-03-10,USA,1980,1/2,2942067,Physics,Princeton University,USA
255,male,Walter Gilbert,1932-03-21,USA,1980,1/4,2942067,Chemistry,"Harvard University, Biological Laboratories",USA
119,male,Arthur L. Schawlow,1921-05-05,USA,1981,1/4,2982813,Physics,Stanford University,USA
423,male,David H. Hubel,1926-02-27,Canada,1981,1/4,2982813,Physiology or Medicine,Harvard Medical School,USA
658,male,Elias Canetti,1905-07-25,Bulgaria,1981,1,2982813,Literature,,
695,male,James Tobin,1918-03-05,USA,1981,1,2982813,Economic Sciences,Yale University,USA
120,male,Kai M. Siegbahn,1918-04-20,Sweden,1981,1/2,2982813,Physics,Uppsala University,Sweden
257,male,Kenichi Fukui,1918-10-04,Japan,1981,1/2,2982813,Chemistry,Kyoto University,Japan
118,male,Nicolaas Bloembergen,1920-03-11,the Netherlands,1981,1/4,2982813,Physics,Harvard University,USA
258,male,Roald Hoffmann,1937-07-18,Ukraine,1981,1/2,2982813,Chemistry,Cornell University,USA
422,male,Roger W. Sperry,1913-08-20,USA,1981,1/2,2982813,Physiology or Medicine,California Institute of Technology (Caltech),USA
424,male,Torsten N. Wiesel,1924-06-03,Sweden,1981,1/4,2982813,Physiology or Medicine,Harvard Medical School,USA
259,male,Aaron Klug,1926-08-11,Lithuania,1982,1,3158777,Chemistry,MRC Laboratory of Molecular Biology,United Kingdom
544,male,Alfonso García Robles,1911-03-20,Mexico,1982,1/2,3158777,Peace,,
543,female,Alva Myrdal,1902-01-31,Sweden,1982,1/2,3158777,Peace,,
426,male,Bengt I. Samuelsson,1934-05-21,Sweden,1982,1/3,3158777,Physiology or Medicine,Karolinska Institutet,Sweden
659,male,Gabriel García Márquez,1927-03-06,Colombia,1982,1,3158777,Literature,,
696,male,George J. Stigler,1911-01-17,USA,1982,1,3158777,Economic Sciences,University of Chicago,USA
427,male,John R. Vane,1927-03-29,United Kingdom,1982,1/3,3158777,Physiology or Medicine,The Wellcome Research Laboratories,United Kingdom
121,male,Kenneth G. Wilson,1936-06-08,USA,1982,1,3158777,Physics,Cornell University,USA
425,male,Sune K. Bergström,1916-01-10,Sweden,1982,1/3,3158777,Physiology or Medicine,Karolinska Institutet,Sweden
428,female,Barbara McClintock,1902-06-16,USA,1983,1,3782695,Physiology or Medicine,Cold Spring Harbor Laboratory,USA
697,male,Gerard Debreu,1921-07-04,France,1983,1,3782695,Economic Sciences,University of California,USA
260,male,Henry Taube,1915-11-30,Canada,1983,1,3782695,Chemistry,Stanford University,USA
545,male,Lech Walesa,1943-09-29,Poland,1983,1,3782695,Peace,,
122,male,Subramanyan Chandrasekhar,1910-10-19,Pakistan,1983,1/2,3782695,Physics,University of Chicago,USA
123,male,William A. Fowler,1911-08-09,USA,1983,1/2,3782695,Physics,California Institute of Technology (Caltech),USA
660,male,William Golding,1911-09-19,United Kingdom,1983,1,3782695,Literature,,
261,male,Bruce Merrifield,1921-07-15,USA,1984,1,3850672,Chemistry,Rockefeller University,USA
124,male,Carlo Rubbia,1934-03-31,Italy,1984,1/2,3850672,Physics,CERN,Switzerland
431,male,César Milstein,1927-10-08,Argentina,1984,1/3,3850672,Physiology or Medicine,MRC Laboratory of Molecular Biology,United Kingdom
546,male,Desmond Tutu,1931-10-07,South Africa,1984,1,3850672,Peace,,
430,male,Georges J.F. Köhler,1946-04-17,Germany,1984,1/3,3850672,Physiology or Medicine,Basel Institute for Immunology,Switzerland
661,male,Jaroslav Seifert,1901-09-23,Czech Republic,1984,1,3850672,Literature,,
429,male,Niels K. Jerne,1911-12-23,United Kingdom,1984,1/3,3850672,Physiology or Medicine,Basel Institute for Immunology,Switzerland
698,male,Richard Stone,1913-08-30,United Kingdom,1984,1,3850672,Economic Sciences,University of Cambridge,United Kingdom
125,male,Simon van der Meer,1925-11-24,the Netherlands,1984,1/2,3850672,Physics,CERN,Switzerland
662,male,Claude Simon,1913-10-10,Madagascar,1985,1,3913667,Literature,,
699,male,Franco Modigliani,1918-06-18,Italy,1985,1,3913667,Economic Sciences,Massachusetts Institute of Technology (MIT),USA
262,male,Herbert A. Hauptman,1917-02-14,USA,1985,1/2,3913667,Chemistry,The Medical Foundation of Buffalo,USA
263,male,Jerome Karle,1918-06-18,USA,1985,1/2,3913667,Chemistry,US Naval Research Laboratory,USA
433,male,Joseph L. Goldstein,1940-04-18,USA,1985,1/2,3913667,Physiology or Medicine,University of Texas Southwestern Medical Center at Dallas,USA
126,male,Klaus von Klitzing,1943-06-28,Poland,1985,1,3913667,Physics,Max-Planck-Institut für Festkörperforschung,Germany
432,male,Michael S. Brown,1941-04-13,USA,1985,1/2,3913667,Physiology or Medicine,University of Texas Southwestern Medical Center at Dallas,USA
264,male,Dudley R. Herschbach,1932-06-18,USA,1986,1/3,4172678,Chemistry,Harvard University,USA
548,male,Elie Wiesel,1928-09-30,Romania,1986,1,4172678,Peace,,
127,male,Ernst Ruska,1906-12-25,Germany,1986,1/2,4172678,Physics,Fritz-Haber-Institut der Max-Planck-Gesellschaft,Germany
128,male,Gerd Binnig,1947-07-20,Germany,1986,1/4,4172678,Physics,IBM Zurich Research Laboratory,Switzerland
129,male,Heinrich Rohrer,1933-06-06,Switzerland,1986,1/4,4172678,Physics,IBM Zurich Research Laboratory,Switzerland
700,male,James M. Buchanan Jr.,1919-10-03,USA,1986,1,4172678,Economic Sciences,Center for Study of Public Choice,USA
266,male,John C. Polanyi,1929-01-23,Germany,1986,1/3,4172678,Chemistry,University of Toronto,Canada
435,female,Rita Levi-Montalcini,1909-04-22,Italy,1986,1/2,4172678,Physiology or Medicine,Institute of Cell Biology of the C.N.R.,Italy
434,male,Stanley Cohen,1922-11-17,USA,1986,1/2,4172678,Physiology or Medicine,Vanderbilt University School of Medicine,USA
663,male,Wole Soyinka,1934-07-13,Nigeria,1986,1,4172678,Literature,,
265,male,Yuan T. Lee,1936-11-19,Taiwan,1986,1/3,4172678,Chemistry,University of California,USA
269,male,Charles J. Pedersen,1904-10-03,South Korea,1987,1/3,4352280,Chemistry,Du Pont,USA
267,male,Donald J. Cram,1919-04-22,USA,1987,1/3,4352280,Chemistry,University of California,USA
130,male,J. Georg Bednorz,1950-05-16,Germany,1987,1/2,4352280,Physics,IBM Zurich Research Laboratory,Switzerland
268,male,Jean-Marie Lehn,1939-09-30,France,1987,1/3,4352280,Chemistry,Université Louis Pasteur,France
664,male,Joseph Brodsky,1940-05-24,Russia,1987,1,4352280,Literature,,
131,male,K. Alex Müller,1927-04-20,Switzerland,1987,1/2,4352280,Physics,IBM Zurich Research Laboratory,Switzerland
549,male,Oscar Arias Sánchez,1940-09-13,Costa Rica,1987,1,4352280,Peace,,
701,male,Robert M. Solow,1924-08-23,USA,1987,1,4352280,Economic Sciences,Massachusetts Institute of Technology (MIT),USA
436,male,Susumu Tonegawa,1939-09-05,Japan,1987,1,4352280,Physiology or Medicine,Massachusetts Institute of Technology (MIT),USA
439,male,George H. Hitchings,1905-04-18,USA,1988,1/3,4729931,Physiology or Medicine,Wellcome Research Laboratories,USA
438,female,Gertrude B. Elion,1918-01-23,USA,1988,1/3,4729931,Physiology or Medicine,Wellcome Research Laboratories,USA
272,male,Hartmut Michel,1948-07-18,Germany,1988,1/3,4729931,Chemistry,Max-Planck-Institut für Biophysik,Germany
134,male,Jack Steinberger,1921-05-25,Germany,1988,1/3,4729931,Physics,CERN,Switzerland
270,male,Johann Deisenhofer,1943-09-30,Germany,1988,1/3,4729931,Chemistry,University of Texas Southwestern Medical Center at Dallas,USA
132,male,Leon M. Lederman,1922-07-15,USA,1988,1/3,4729931,Physics,Fermi National Accelerator Laboratory,USA
702,male,Maurice Allais,1911-05-31,France,1988,1,4729931,Economic Sciences,École Nationale Supérieur des Mines de Paris,France
133,male,Melvin Schwartz,1932-11-02,USA,1988,1/3,4729931,Physics,"Digital Pathways, Inc.",USA
665,male,Naguib Mahfouz,1911-12-11,Egypt,1988,1,4729931,Literature,,
271,male,Robert Huber,1937-02-20,Germany,1988,1/3,4729931,Chemistry,Max-Planck-Institut für Biochemie,Germany
437,male,Sir James W. Black,1924-06-14,Scotland,1988,1/3,4729931,Physiology or Medicine,"London University, King's College Hospital Medical School",United Kingdom
666,male,Camilo José Cela,1916-05-11,Spain,1989,1,5337372,Literature,,
136,male,Hans G. Dehmelt,1922-09-09,Germany,1989,1/4,5337372,Physics,University of Washington,USA
441,male,Harold E. Varmus,1939-12-18,USA,1989,1/2,5337372,Physiology or Medicine,University of California School of Medicine,USA
440,male,J. Michael Bishop,1936-02-22,USA,1989,1/2,5337372,Physiology or Medicine,University of California School of Medicine,USA
135,male,Norman F. Ramsey,1915-08-27,USA,1989,1/2,5337372,Physics,Harvard University,USA
273,male,Sidney Altman,1939-05-07,Canada,1989,1/2,5337372,Chemistry,Yale University,USA
551,male,The 14th Dalai Lama ,1935-07-06,China,1989,1,5337372,Peace,,
274,male,Thomas R. Cech,1947-12-08,USA,1989,1/2,5337372,Chemistry,University of Colorado,USA
703,male,Trygve Haavelmo,1911-12-13,Norway,1989,1,5337372,Economic Sciences,University of Oslo,Norway
137,male,Wolfgang Paul,1913-08-10,Germany,1989,1/4,5337372,Physics,University of Bonn,Germany
443,male,E. Donnall Thomas,1920-03-15,USA,1990,1/2,6443882,Physiology or Medicine,Fred Hutchinson Cancer Research Center,USA
275,male,Elias James Corey,1928-07-12,USA,1990,1,6443882,Chemistry,Harvard University,USA
704,male,Harry M. Markowitz,1927-08-24,USA,1990,1/3,6443882,Economic Sciences,City University of New York,USA
139,male,Henry W. Kendall,1926-12-09,USA,1990,1/3,6443882,Physics,Massachusetts Institute of Technology (MIT),USA
138,male,Jerome I. Friedman,1930-03-28,USA,1990,1/3,6443882,Physics,Massachusetts Institute of Technology (MIT),USA
442,male,Joseph E. Murray,1919-04-01,USA,1990,1/2,6443882,Physiology or Medicine,Brigham and Women's Hospital,USA
705,male,Merton H. Miller,1923-05-16,USA,1990,1/3,6443882,Economic Sciences,University of Chicago,USA
552,male,Mikhail Gorbachev,1931-03-02,Russia,1990,1,6443882,Peace,,
667,male,Octavio Paz,1914-03-31,Mexico,1990,1,6443882,Literature,,
140,male,Richard E. Taylor,1929-11-02,Canada,1990,1/3,6443882,Physics,Stanford University,USA
706,male,William F. Sharpe,1934-06-16,USA,1990,1/3,6443882,Economic Sciences,Stanford University,USA
553,female,Aung San Suu Kyi ,1945-06-19,Myanmar,1991,1,8831149,Peace,,
445,male,Bert Sakmann,1942-06-12,Germany,1991,1/2,8831149,Physiology or Medicine,Max-Planck-Institut für medizinische Forschung,Germany
444,male,Erwin Neher,1944-03-20,Germany,1991,1/2,8831149,Physiology or Medicine,Max-Planck-Institut für Biophysikalische Chemie,Germany
668,female,Nadine Gordimer,1923-11-20,South Africa,1991,1,8831149,Literature,,
141,male,Pierre-Gilles de Gennes,1932-10-24,France,1991,1,8831149,Physics,Collège de France,France
276,male,Richard R. Ernst,1933-08-14,Switzerland,1991,1,8831149,Chemistry,Eidgenössische Technische Hochschule (Swiss Federal Institute of Technology),Switzerland
707,male,Ronald H. Coase,1910-12-29,United Kingdom,1991,1,8831149,Economic Sciences,University of Chicago,USA
669,male,Derek Walcott,1930-01-23,Saint Lucia,1992,1,9350791,Literature,,
446,male,Edmond H. Fischer,1920-04-06,China,1992,1/2,9350791,Physiology or Medicine,University of Washington,USA
447,male,Edwin G. Krebs,1918-06-06,USA,1992,1/2,9350791,Physiology or Medicine,University of Washington,USA
708,male,Gary Becker,1930-12-02,USA,1992,1,9350791,Economic Sciences,University of Chicago,USA
142,male,Georges Charpak,1924-08-01,Poland,1992,1,9350791,Physics,École Supérieure de Physique et Chimie,France
554,female,Rigoberta Menchú Tum,1959-01-09,Guatemala,1992,1,9350791,Peace,,
277,male,Rudolph A. Marcus,1923-07-21,Canada,1992,1,9350791,Chemistry,California Institute of Technology (Caltech),USA
710,male,Douglass C. North,1920-11-05,USA,1993,1/2,9208279,Economic Sciences,Washington University,USA
556,male,F.W. de Klerk,1936-03-18,South Africa,1993,1/2,9208279,Peace,,
144,male,Joseph H. Taylor Jr.,1941-03-29,USA,1993,1/2,9208279,Physics,Princeton University,USA
278,male,Kary B. Mullis,1944-12-28,USA,1993,1/2,9208279,Chemistry,,
279,male,Michael Smith,1932-04-26,United Kingdom,1993,1/2,9208279,Chemistry,University of British Columbia,Canada
555,male,Nelson Mandela,1918-07-18,South Africa,1993,1/2,9208279,Peace,,
449,male,Phillip A. Sharp,1944-06-06,USA,1993,1/2,9208279,Physiology or Medicine,"Massachusetts Institute of Technology (MIT), Center for Cancer Research",USA
448,male,Richard J. Roberts,1943-09-06,United Kingdom,1993,1/2,9208279,Physiology or Medicine,New England Biolabs,USA
709,male,Robert W. Fogel,1927-07-01,USA,1993,1/2,9208279,Economic Sciences,University of Chicago,USA
143,male,Russell A. Hulse,1950-11-28,USA,1993,1/2,9208279,Physics,Princeton University,USA
670,female,Toni Morrison,1931-02-18,USA,1993,1,9208279,Literature,,
450,male,Alfred G. Gilman,1941-07-01,USA,1994,1/2,9417195,Physiology or Medicine,University of Texas Southwestern Medical Center at Dallas,USA
145,male,Bertram N. Brockhouse,1918-07-15,Canada,1994,1/2,9417195,Physics,McMaster University,Canada
146,male,Clifford G. Shull,1915-09-23,USA,1994,1/2,9417195,Physics,Massachusetts Institute of Technology (MIT),USA
280,male,George A. Olah,1927-05-22,Hungary,1994,1,9417195,Chemistry,University of Southern California,USA
711,male,John C. Harsanyi,1920-05-29,Hungary,1994,1/3,9417195,Economic Sciences,University of California,USA
712,male,John F. Nash Jr.,1928-06-13,USA,1994,1/3,9417195,Economic Sciences,Princeton University,USA
671,male,Kenzaburo Oe,1935-01-31,Japan,1994,1,9417195,Literature,,
451,male,Martin Rodbell,1925-12-01,USA,1994,1/2,9417195,Physiology or Medicine,National Institute of Environmental Health Sciences,USA
713,male,Reinhard Selten,1930-10-05,Poland,1994,1/3,9417195,Economic Sciences,Rheinische Friedrich-Wilhelms-Universität,Germany
558,male,Shimon Peres,1923-08-16,Belarus,1994,1/3,9417195,Peace,,
557,male,Yasser Arafat,1929-08-24,Egypt,1994,1/3,9417195,Peace,,
559,male,Yitzhak Rabin,1922-03-01,Israel,1994,1/3,9417195,Peace,,
453,female,Christiane Nüsslein-Volhard,1942-10-20,Germany,1995,1/3,9446598,Physiology or Medicine,Max-Planck-Institut für Entwicklungsbiologie,Germany
452,male,Edward B. Lewis,1918-05-20,USA,1995,1/3,9446598,Physiology or Medicine,California Institute of Technology (Caltech),USA
454,male,Eric F. Wieschaus,1947-06-08,USA,1995,1/3,9446598,Physiology or Medicine,Princeton University,USA
283,male,F. Sherwood Rowland,1927-06-28,USA,1995,1/3,9446598,Chemistry,University of California,USA
148,male,Frederick Reines,1918-03-16,USA,1995,1/2,9446598,Physics,University of California,USA
560,male,Joseph Rotblat,1908-11-04,Poland,1995,1/2,9446598,Peace,,
282,male,Mario J. Molina,1943-03-19,Mexico,1995,1/3,9446598,Chemistry,Massachusetts Institute of Technology (MIT),USA
147,male,Martin L. Perl,1927-06-24,USA,1995,1/2,9446598,Physics,Stanford University,USA
281,male,Paul J. Crutzen,1933-12-03,the Netherlands,1995,1/3,9446598,Chemistry,Max-Planck-Institut für Chemie,Germany
714,male,Robert E. Lucas Jr.,1937-09-15,USA,1995,1,9446598,Economic Sciences,University of Chicago,USA
672,male,Seamus Heaney,1939-04-13,Northern Ireland,1995,1,9446598,Literature,,
562,male,Carlos Filipe Ximenes Belo,1948-02-03,East Timor,1996,1/2,9662517,Peace,,
149,male,David M. Lee,1931-01-20,USA,1996,1/3,9662517,Physics,Cornell University,USA
150,male,Douglas D. Osheroff,1945-08-01,USA,1996,1/3,9662517,Physics,Stanford University,USA
715,male,James A. Mirrlees,1936-07-05,Scotland,1996,1/2,9662517,Economic Sciences,University of Cambridge,United Kingdom
563,male,José Ramos-Horta,1949-12-26,East Timor,1996,1/2,9662517,Peace,,
455,male,Peter C. Doherty,1940-10-15,Australia,1996,1/2,9662517,Physiology or Medicine,St. Jude Children's Research Hospital,USA
286,male,Richard E. Smalley,1943-06-06,USA,1996,1/3,9662517,Chemistry,Rice University,USA
151,male,Robert C. Richardson,1937-06-26,USA,1996,1/3,9662517,Physics,Cornell University,USA
284,male,Robert F. Curl Jr.,1933-08-23,USA,1996,1/3,9662517,Chemistry,Rice University,USA
456,male,Rolf M. Zinkernagel,1944-01-06,Switzerland,1996,1/2,9662517,Physiology or Medicine,"University of Zurich, Institute of Experimental Immunology",Switzerland
285,male,Sir Harold Kroto,1939-10-07,United Kingdom,1996,1/3,9662517,Chemistry,University of Sussex,United Kingdom
716,male,William Vickrey,1914-06-21,Canada,1996,1/2,9662517,Economic Sciences,Columbia University,USA
673,female,Wislawa Szymborska,1923-07-02,Poland,1996,1,9662517,Literature,,
153,male,Claude Cohen-Tannoudji,1933-04-01,Algeria,1997,1/3,9746426,Physics,Collège de France,France
674,male,Dario Fo,1926-03-24,Italy,1997,1,9746426,Literature,,
289,male,Jens C. Skou,1918-10-08,Denmark,1997,1/2,9746426,Chemistry,Aarhus University,Denmark
565,female,Jody Williams,1950-10-09,USA,1997,1/2,9746426,Peace,,
288,male,John E. Walker,1941-01-07,United Kingdom,1997,1/4,9746426,Chemistry,MRC Laboratory of Molecular Biology,United Kingdom
718,male,Myron Scholes,1941-07-01,Canada,1997,1/2,9746426,Economic Sciences,Long Term Capital Management,USA
287,male,Paul D. Boyer,1918-07-31,USA,1997,1/4,9746426,Chemistry,University of California,USA
717,male,Robert C. Merton,1944-07-31,USA,1997,1/2,9746426,Economic Sciences,Harvard University,USA
457,male,Stanley B. Prusiner,1942-05-28,USA,1997,1,9746426,Physiology or Medicine,University of California School of Medicine,USA
152,male,Steven Chu,1948-02-28,USA,1997,1/3,9746426,Physics,Stanford University,USA
154,male,William D. Phillips,1948-11-05,USA,1997,1/3,9746426,Physics,National Institute of Standards and Technology,USA
719,male,Amartya Sen,1933-11-03,India,1998,1,9889843,Economic Sciences,Trinity College,United Kingdom
157,male,Daniel C. Tsui,1939-02-28,China,1998,1/3,9889843,Physics,Princeton University,USA
567,male,David Trimble,1944-10-15,Northern Ireland,1998,1/2,9889843,Peace,,
460,male,Ferid Murad,1936-09-14,USA,1998,1/3,9889843,Physiology or Medicine,University of Texas Medical School at Houston,USA
156,male,Horst L. Störmer,1949-04-06,Germany,1998,1/3,9889843,Physics,Columbia University,USA
566,male,John Hume,1937-01-18,Northern Ireland,1998,1/2,9889843,Peace,,
291,male,John Pople,1925-10-31,United Kingdom,1998,1/2,9889843,Chemistry,Northwestern University,USA
675,male,José Saramago,1922-11-16,Portugal,1998,1,9889843,Literature,,
459,male,Louis J. Ignarro,1941-05-31,USA,1998,1/3,9889843,Physiology or Medicine,University of California School of Medicine,USA
155,male,Robert B. Laughlin,1950-11-01,USA,1998,1/3,9889843,Physics,Stanford University,USA
458,male,Robert F. Furchgott,1916-06-04,USA,1998,1/3,9889843,Physiology or Medicine,SUNY Health Science Center,USA
290,male,Walter Kohn,1923-03-09,Austria,1998,1/2,9889843,Chemistry,University of California,USA
292,male,Ahmed Zewail,1946-02-26,Egypt,1999,1,10231411,Chemistry,California Institute of Technology (Caltech),USA
158,male,Gerardus 't Hooft,1946-07-05,the Netherlands,1999,1/2,10231411,Physics,Utrecht University,the Netherlands
461,male,Günter Blobel,1936-05-21,Poland,1999,1,10231411,Physiology or Medicine,Rockefeller University,USA
676,male,Günter Grass,1927-10-16,Poland,1999,1,10231411,Literature,,
159,male,Martinus J.G. Veltman,1931-06-27,the Netherlands,1999,1/2,10231411,Physics,,
720,male,Robert Mundell,1932-10-24,Canada,1999,1,10231411,Economic Sciences,Columbia University,USA
729,male,Alan Heeger,1936-01-22,USA,2000,1/3,11538617,Chemistry,University of California,USA
730,male,Alan MacDiarmid,1927-04-14,New Zealand,2000,1/3,11538617,Chemistry,University of Pennsylvania,USA
722,male,Arvid Carlsson,1923-01-25,Sweden,2000,1/3,11538617,Physiology or Medicine,Göteborg University,Sweden
733,male,Daniel L. McFadden,1937-07-29,USA,2000,1/2,11538617,Economic Sciences,University of California,USA
724,male,Eric Kandel,1929-11-07,Austria,2000,1/3,11538617,Physiology or Medicine,Columbia University,USA
734,male,Gao Xingjian,1940-01-04,China,2000,1,11538617,Literature,,
727,male,Herbert Kroemer,1928-08-25,Germany,2000,1/4,11538617,Physics,University of California,USA
731,male,Hideki Shirakawa,1936-08-20,Japan,2000,1/3,11538617,Chemistry,University of Tsukuba,Japan
728,male,Jack Kilby,1923-11-08,USA,2000,1/2,11538617,Physics,Texas Instruments,USA
732,male,James J. Heckman,1944-04-19,USA,2000,1/2,11538617,Economic Sciences,University of Chicago,USA
725,male,Kim Dae-jung,1925-12-03,South Korea,2000,1,11538617,Peace,,
723,male,Paul Greengard,1925-12-11,USA,2000,1/3,11538617,Physiology or Medicine,Rockefeller University,USA
726,male,Zhores Alferov,1930-03-15,Belarus,2000,1/4,11538617,Physics,A.F. Ioffe Physico-Technical Institute,Russia
745,male,A. Michael Spence,1943-00-00,USA,2001,1/3,12518033,Economic Sciences,Stanford University,USA
743,male,Barry Sharpless,1941-04-28,USA,2001,1/2,12518033,Chemistry,The Scripps Research Institute,USA
740,male,Carl Wieman,1951-03-26,USA,2001,1/3,12518033,Physics,"University of Colorado, JILA",USA
738,male,Eric Cornell,1961-12-19,USA,2001,1/3,12518033,Physics,"University of Colorado, JILA",USA
744,male,George A. Akerlof,1940-06-17,USA,2001,1/3,12518033,Economic Sciences,University of California,USA
746,male,Joseph E. Stiglitz,1943-02-09,USA,2001,1/3,12518033,Economic Sciences,Columbia University,USA
749,male,Kofi Annan,1938-04-08,Ghana,2001,1/2,12518033,Peace,,
735,male,Leland Hartwell,1939-10-30,USA,2001,1/3,12518033,Physiology or Medicine,Fred Hutchinson Cancer Research Center,USA
742,male,Ryoji Noyori,1938-09-03,Japan,2001,1/4,12518033,Chemistry,Nagoya University,Japan
737,male,Sir Paul Nurse,1949-01-25,United Kingdom,2001,1/3,12518033,Physiology or Medicine,Imperial Cancer Research Fund,United Kingdom
736,male,Tim Hunt,1943-02-19,United Kingdom,2001,1/3,12518033,Physiology or Medicine,Imperial Cancer Research Fund,United Kingdom
747,male,V. S. Naipaul,1932-08-17,Trinidad and Tobago,2001,1,12518033,Literature,,
741,male,William Knowles,1917-06-01,USA,2001,1/4,12518033,Chemistry,,
739,male,Wolfgang Ketterle,1957-10-21,Germany,2001,1/3,12518033,Physics,Massachusetts Institute of Technology (MIT),USA
759,male,Daniel Kahneman,1934-03-05,Israel,2002,1/2,12252888,Economic Sciences,Princeton University,USA
751,male,H. Robert Horvitz,1947-05-08,USA,2002,1/3,12252888,Physiology or Medicine,Massachusetts Institute of Technology (MIT),USA
761,male,Imre Kertész,1929-11-09,Hungary,2002,1,12252888,Literature,,
762,male,Jimmy Carter,1924-10-01,USA,2002,1,12252888,Peace,,
756,male,John B. Fenn,1917-06-15,USA,2002,1/4,12252888,Chemistry,Virginia Commonwealth University,USA
752,male,John E. Sulston,1942-03-27,United Kingdom,2002,1/3,12252888,Physiology or Medicine,The Wellcome Trust Sanger Institute,United Kingdom
757,male,Koichi Tanaka,1959-08-03,Japan,2002,1/4,12252888,Chemistry,Shimadzu Corp.,Japan
758,male,Kurt Wüthrich,1938-10-04,Switzerland,2002,1/2,12252888,Chemistry,Eidgenössische Technische Hochschule (Swiss Federal Institute of Technology),Switzerland
754,male,Masatoshi Koshiba,1926-09-19,Japan,2002,1/4,12252888,Physics,University of Tokyo,Japan
753,male,Raymond Davis Jr.,1914-10-14,USA,2002,1/4,12252888,Physics,University of Pennsylvania,USA
755,male,Riccardo Giacconi,1931-10-06,Italy,2002,1/2,12252888,Physics,Associated Universities Inc.,USA
750,male,Sydney Brenner,1927-01-13,South Africa,2002,1/3,12252888,Physiology or Medicine,The Molecular Sciences Institute,USA
760,male,Vernon L. Smith,1927-01-01,USA,2002,1/2,12252888,Economic Sciences,George Mason University,USA
766,male,Alexei Abrikosov,1928-06-25,Russia,2003,1/3,12021411,Physics,Argonne National Laboratory,USA
768,male,Anthony J. Leggett,1938-03-26,United Kingdom,2003,1/3,12021411,Physics,University of Illinois,USA
772,male,Clive W.J. Granger,1934-09-04,United Kingdom,2003,1/2,12021411,Economic Sciences,University of California,USA
763,male,J. M. Coetzee,1940-02-09,South Africa,2003,1,12021411,Literature,,
764,male,Paul C. Lauterbur,1929-05-06,USA,2003,1/2,12021411,Physiology or Medicine,University of Illinois,USA
769,male,Peter Agre,1949-01-30,USA,2003,1/2,12021411,Chemistry,Johns Hopkins University School of Medicine,USA
771,male,Robert F. Engle III,1942-11-10,USA,2003,1/2,12021411,Economic Sciences,New York University,USA
770,male,Roderick MacKinnon,1956-02-19,USA,2003,1/2,12021411,Chemistry,Rockefeller University,USA
773,female,Shirin Ebadi,1947-06-21,Iran,2003,1,12021411,Peace,,
765,male,Sir Peter Mansfield,1933-10-09,United Kingdom,2003,1/2,12021411,Physiology or Medicine,"University of Nottingham, School of Physics and Astronomy",United Kingdom
767,male,Vitaly L. Ginzburg,1916-10-04,Russia,2003,1/3,12021411,Physics,P.N. Lebedev Physical Institute,Russia
779,male,Aaron Ciechanover,1947-10-01,Israel,2004,1/3,11976161,Chemistry,Technion - Israel Institute of Technology,Israel
780,male,Avram Hershko,1937-12-31,Hungary,2004,1/3,11976161,Chemistry,Technion - Israel Institute of Technology,Israel
776,male,David J. Gross,1941-02-19,USA,2004,1/3,11976161,Physics,"University of California, Kavli Institute for Theoretical Physics",USA
787,male,Edward C. Prescott,1940-12-26,USA,2004,1/2,11976161,Economic Sciences,Arizona State University,USA
782,female,Elfriede Jelinek,1946-10-20,Austria,2004,1,11976161,Literature,,
786,male,Finn E. Kydland,1943-12-01,Norway,2004,1/2,11976161,Economic Sciences,Carnegie Mellon University,USA
778,male,Frank Wilczek,1951-05-15,USA,2004,1/3,11976161,Physics,Massachusetts Institute of Technology (MIT),USA
777,male,H. David Politzer,1949-08-31,USA,2004,1/3,11976161,Physics,California Institute of Technology (Caltech),USA
781,male,Irwin Rose,1926-07-16,USA,2004,1/3,11976161,Chemistry,University of California,USA
775,female,Linda B. Buck,1947-01-29,USA,2004,1/2,11976161,Physiology or Medicine,Fred Hutchinson Cancer Research Center,USA
774,male,Richard Axel,1946-07-02,USA,2004,1/2,11976161,Physiology or Medicine,Columbia University,USA
783,female,Wangari Maathai,1940-04-01,Kenya,2004,1,11976161,Peace,,
789,male,Barry J. Marshall,1951-09-30,Australia,2005,1/2,11923798,Physiology or Medicine,"NHMRC Helicobacter pylori Research Laboratory, QEII Medical Centre",Australia
801,male,Harold Pinter,1930-10-10,United Kingdom,2005,1,11923798,Literature,,
790,male,J. Robin Warren,1937-06-11,Australia,2005,1/2,11923798,Physiology or Medicine,,
792,male,John L. Hall,1934-08-21,USA,2005,1/4,11923798,Physics,"University of Colorado, JILA",USA
798,male,Mohamed ElBaradei,1942-06-17,Egypt,2005,1/2,11923798,Peace,,
796,male,Richard R. Schrock,1945-01-04,USA,2005,1/3,11923798,Chemistry,Massachusetts Institute of Technology (MIT),USA
795,male,Robert H. Grubbs,1942-02-27,USA,2005,1/3,11923798,Chemistry,California Institute of Technology (Caltech),USA
799,male,Robert J. Aumann,1930-06-08,Germany,2005,1/2,11923798,Economic Sciences,"University of Jerusalem, Center for RationalityHebrew",Israel
791,male,Roy J. Glauber,1925-09-01,USA,2005,1/2,11923798,Physics,Harvard University,USA
793,male,Theodor W. Hänsch,1941-10-30,Germany,2005,1/4,11923798,Physics,Max-Planck-Institut für Quantenoptik,Germany
800,male,Thomas C. Schelling,1921-04-14,USA,2005,1/2,11923798,Economic Sciences,"University of Maryland, Department of Economics and School of Public Policy",USA
794,male,Yves Chauvin,1930-10-10,Belgium,2005,1/3,11923798,Chemistry,Institut Français du Pétrole,France
802,male,Andrew Z. Fire,1959-04-27,USA,2006,1/2,11762169,Physiology or Medicine,Stanford University School of Medicine,USA
803,male,Craig C. Mello,1960-10-19,USA,2006,1/2,11762169,Physiology or Medicine,University of Massachusetts Medical School,USA
807,male,Edmund S. Phelps,1933-07-26,USA,2006,1,11762169,Economic Sciences,Columbia University,USA
805,male,George F. Smoot,1945-02-20,USA,2006,1/2,11762169,Physics,University of California,USA
804,male,John C. Mather,1946-08-07,USA,2006,1/2,11762169,Physics,NASA Goddard Space Flight Center,USA
809,male,Muhammad Yunus,1940-06-28,Bangladesh,2006,1/2,11762169,Peace,,
808,male,Orhan Pamuk,1952-06-07,Turkey,2006,1,11762169,Literature,,
806,male,Roger D. Kornberg,1947-04-24,USA,2006,1,11762169,Chemistry,Stanford University,USA
819,male,Al Gore,1948-03-31,USA,2007,1/2,11506932,Peace,,
814,male,Albert Fert,1938-03-07,France,2007,1/2,11506932,Physics,Universit&eacute; Paris-Sud,France
817,female,Doris Lessing,1919-10-22,Iran,2007,1,11506932,Literature,,
821,male,Eric S. Maskin,1950-12-12,USA,2007,1/3,11506932,Economic Sciences,Institute for Advanced Study,USA
816,male,Gerhard Ertl,1936-10-10,Germany,2007,1,11506932,Chemistry,Fritz-Haber-Institut der Max-Planck-Gesellschaft,Germany
820,male,Leonid Hurwicz,1917-08-21,Russia,2007,1/3,11506932,Economic Sciences,University of Minnesota,USA
811,male,Mario R. Capecchi,1937-10-06,Italy,2007,1/3,11506932,Physiology or Medicine,University of Utah,USA
813,male,Oliver Smithies,1925-06-23,United Kingdom,2007,1/3,11506932,Physiology or Medicine,University of North Carolina,USA
815,male,Peter Grünberg,1939-05-18,Czech Republic,2007,1/2,11506932,Physics,Forschungszentrum J&uuml;lich,Germany
822,male,Roger B. Myerson,1951-03-29,USA,2007,1/3,11506932,Economic Sciences,University of Chicago,USA
812,male,Sir Martin J. Evans,1941-01-01,United Kingdom,2007,1/3,11506932,Physiology or Medicine,Cardiff University,United Kingdom
824,female,Françoise Barré-Sinoussi,1947-07-30,France,2008,1/4,11124709,Physiology or Medicine,"Regulation of Retroviral Infections Unit, Virology Department, Institut Pasteur",France
823,male,Harald zur Hausen,1936-03-11,Germany,2008,1/2,11124709,Physiology or Medicine,German Cancer Research Center,Germany
832,male,Jean-Marie Gustave Le Clézio,1940-04-13,France,2008,1,11124709,Literature,,
825,male,Luc Montagnier,1932-08-18,France,2008,1/4,11124709,Physiology or Medicine,World Foundation for AIDS Research and Prevention,France
827,male,Makoto Kobayashi,1944-04-07,Japan,2008,1/4,11124709,Physics,High Energy Accelerator Research Organization (KEK),Japan
830,male,Martin Chalfie,1947-01-15,USA,2008,1/3,11124709,Chemistry,Columbia University,USA
833,male,Martti Ahtisaari,1937-06-23,Finland,2008,1,11124709,Peace,,
829,male,Osamu Shimomura,1928-08-27,Japan,2008,1/3,11124709,Chemistry,Marine Biological Laboratory (MBL),USA
834,male,Paul Krugman,1953-02-28,USA,2008,1,11124709,Economic Sciences,Princeton University,USA
831,male,Roger Y. Tsien,1952-02-01,USA,2008,1/3,11124709,Chemistry,University of California,USA
828,male,Toshihide Maskawa,1940-02-07,Japan,2008,1/4,11124709,Physics,Kyoto Sangyo University,Japan
826,male,Yoichiro Nambu,1921-01-18,Japan,2008,1/2,11124709,Physics,"Enrico Fermi Institute, University of Chicago",USA
843,female,Ada E. Yonath,1939-06-22,Israel,2009,1/3,11157218,Chemistry,Weizmann Institute of Science,Israel
845,male,Barack H. Obama,1961-08-04,USA,2009,1,11157218,Peace,,
836,female,Carol W. Greider,1961-04-15,USA,2009,1/3,11157218,Physiology or Medicine,Johns Hopkins University School of Medicine,USA
838,male,Charles K. Kao,1933-11-04,China,2009,1/2,11157218,Physics,Standard Telecommunication Laboratories,United Kingdom
846,female,Elinor Ostrom,1933-08-07,USA,2009,1/2,11157218,Economic Sciences,Indiana University,USA
835,female,Elizabeth H. Blackburn,1948-11-26,Australia,2009,1/3,11157218,Physiology or Medicine,University of California,USA
840,male,George E. Smith,1930-05-10,USA,2009,1/4,11157218,Physics,Bell Laboratories,USA
844,female,Herta Müller,1953-08-17,Romania,2009,1,11157218,Literature,,
837,male,Jack W. Szostak,1952-11-09,United Kingdom,2009,1/3,11157218,Physiology or Medicine,Harvard Medical School,USA
847,male,Oliver E. Williamson,1932-09-27,USA,2009,1/2,11157218,Economic Sciences,University of California,USA
842,male,Thomas A. Steitz,1940-08-23,USA,2009,1/3,11157218,Chemistry,Yale University,USA
841,male,Venkatraman Ramakrishnan,1952-00-00,India,2009,1/3,11157218,Chemistry,MRC Laboratory of Molecular Biology,United Kingdom
839,male,Willard S. Boyle,1924-08-19,Canada,2009,1/4,11157218,Physics,Bell Laboratories,USA
853,male,Akira Suzuki,1930-09-12,Japan,2010,1/3,11015580,Chemistry,Hokkaido University,Japan
849,male,Andre Geim,1958-10-21,Russia,2010,1/2,11015580,Physics,University of Manchester,United Kingdom
858,male,Christopher A. Pissarides,1948-02-20,Cyprus,2010,1/3,11015580,Economic Sciences,London School of Economics and Political Science,United Kingdom
857,male,Dale T. Mortensen,1939-02-02,USA,2010,1/3,11015580,Economic Sciences,Northwestern University,USA
852,male,Ei-ichi Negishi,1935-07-14,China,2010,1/3,11015580,Chemistry,Purdue University,USA
850,male,Konstantin Novoselov,1974-08-23,Russia,2010,1/2,11015580,Physics,University of Manchester,United Kingdom
855,male,Liu Xiaobo,1955-12-28,China,2010,1,11015580,Peace,,
854,male,Mario Vargas Llosa,1936-03-28,Peru,2010,1,11015580,Literature,,
856,male,Peter A. Diamond,1940-04-29,USA,2010,1/3,11015580,Economic Sciences,Massachusetts Institute of Technology (MIT),USA
851,male,Richard F. Heck,1931-08-15,USA,2010,1/3,11015580,Chemistry,University of Delaware,USA
848,male,Robert G. Edwards,1925-09-27,United Kingdom,2010,1,11015580,Physiology or Medicine,University of Cambridge,United Kingdom
866,male,Adam G. Riess,1969-12-16,USA,2011,1/4,10736783,Physics,Johns Hopkins University,USA
865,male,Brian P. Schmidt,1967-02-24,USA,2011,1/4,10736783,Physics,Australian National University,Australia
861,male,Bruce A. Beutler,1957-12-29,USA,2011,1/4,10736783,Physiology or Medicine,University of Texas Southwestern Medical Center at Dallas,USA
873,male,Christopher A. Sims,1942-10-21,USA,2011,1/2,10736783,Economic Sciences,Princeton University,USA
867,male,Dan Shechtman,1941-01-24,Israel,2011,1,10736783,Chemistry,Technion - Israel Institute of Technology,Israel
869,female,Ellen Johnson Sirleaf,1938-10-29,Liberia,2011,1/3,10736783,Peace,,
862,male,Jules A. Hoffmann,1941-08-02,Luxembourg,2011,1/4,10736783,Physiology or Medicine,University of Strasbourg,France
870,female,Leymah Gbowee,1972-02-01,Liberia,2011,1/3,10736783,Peace,,
863,male,Ralph M. Steinman,1943-01-14,Canada,2011,1/2,10736783,Physiology or Medicine,Rockefeller University,USA
864,male,Saul Perlmutter,1959-00-00,USA,2011,1/2,10736783,Physics,Lawrence Berkeley National Laboratory,USA
871,female,Tawakkol Karman,1979-02-07,Yemen,2011,1/3,10736783,Peace,,
872,male,Thomas J. Sargent,1943-07-19,USA,2011,1/2,10736783,Economic Sciences,New York University,USA
868,male,Tomas Tranströmer,1931-04-15,Sweden,2011,1,10736783,Literature,,
882,male,Alvin E. Roth,1951-12-18,USA,2012,1/2,8512821,Economic Sciences,Harvard University,USA
879,male,Brian Kobilka,1955-05-30,USA,2012,1/2,8512821,Chemistry,Stanford University School of Medicine,USA
877,male,David J. Wineland,1944-02-24,USA,2012,1/2,8512821,Physics,National Institute of Standards and Technology,USA
883,male,Lloyd S. Shapley,1923-06-02,USA,2012,1/2,8512821,Economic Sciences,University of California,USA
880,male,Mo Yan,1955-02-02,China,2012,1,8512821,Literature,,
878,male,Robert J. Lefkowitz,1943-04-15,USA,2012,1/2,8512821,Chemistry,Howard Hughes Medical Institute,
876,male,Serge Haroche,1944-09-11,Morocco,2012,1/2,8512821,Physics,Collège de France,France
875,male,Shinya Yamanaka,1962-09-04,Japan,2012,1/2,8512821,Physiology or Medicine,Kyoto University,Japan
874,male,Sir John B. Gurdon,1933-10-02,United Kingdom,2012,1/2,8512821,Physiology or Medicine,Gurdon Institute,United Kingdom
892,female,Alice Munro,1931-07-10,Canada,2013,1,8517568,Literature,,
891,male,Arieh Warshel,1940-11-20,Israel,2013,1/3,8517568,Chemistry,University of Southern California,USA
894,male,Eugene F. Fama,1939-02-14,USA,2013,1/3,8517568,Economic Sciences,University of Chicago,USA
887,male,François Englert,1932-11-06,Belgium,2013,1/2,8517568,Physics,Université Libre de Bruxelles,Belgium
884,male,James E. Rothman,1950-11-03,USA,2013,1/3,8517568,Physiology or Medicine,Yale University,USA
895,male,Lars Peter Hansen,1952-10-26,USA,2013,1/3,8517568,Economic Sciences,University of Chicago,USA
889,male,Martin Karplus,1930-03-15,Austria,2013,1/3,8517568,Chemistry,Université de Strasbourg,France
890,male,Michael Levitt,1947-05-09,South Africa,2013,1/3,8517568,Chemistry,Stanford University School of Medicine,USA
888,male,Peter Higgs,1929-05-29,United Kingdom,2013,1/2,8517568,Physics,University of Edinburgh,United Kingdom
885,male,Randy W. Schekman,1948-12-30,USA,2013,1/3,8517568,Physiology or Medicine,University of California,USA
896,male,Robert J. Shiller,1946-03-29,USA,2013,1/3,8517568,Economic Sciences,Yale University,USA
886,male,Thomas C. Südhof,1955-12-22,Germany,2013,1/3,8517568,Physiology or Medicine,Stanford University,USA
905,male,Edvard I. Moser,1962-04-27,Norway,2014,1/4,8531844,Physiology or Medicine,Norwegian University of Science and Technology (NTNU),Norway
909,male,Eric Betzig,1960-01-13,USA,2014,1/3,8531844,Chemistry,"Janelia Research Campus, Howard Hughes Medical Institute",USA
907,male,Hiroshi Amano,1960-09-11,Japan,2014,1/3,8531844,Physics,Nagoya University,Japan
906,male,Isamu Akasaki,1929-01-30,Japan,2014,1/3,8531844,Physics,Meijo University,Japan
915,male,Jean Tirole,1953-08-09,France,2014,1,8531844,Economic Sciences,Toulouse School of Economics (TSE),France
903,male,John O'Keefe,1939-11-18,USA,2014,1/2,8531844,Physiology or Medicine,University College,United Kingdom
913,male,Kailash Satyarthi,1954-01-11,India,2014,1/2,8531844,Peace,,
914,female,Malala Yousafzai,1997-07-12,Pakistan,2014,1/2,8531844,Peace,,
904,female,May-Britt Moser,1963-01-04,Norway,2014,1/4,8531844,Physiology or Medicine,Norwegian University of Science and Technology (NTNU),Norway
912,male,Patrick Modiano,1945-07-30,France,2014,1,8531844,Literature,,
908,male,Shuji Nakamura,1954-05-22,Japan,2014,1/3,8531844,Physics,University of California,USA
910,male,Stefan W. Hell,1962-12-23,Romania,2014,1/3,8531844,Chemistry,Max Planck Institute for Biophysical Chemistry,Germany
911,male,William E. Moerner,1953-06-24,USA,2014,1/3,8531844,Chemistry,Stanford University,USA
926,male,Angus Deaton,1945-10-19,Scotland,2015,1,8536613,Economic Sciences,Princeton University,USA
920,male,Arthur B. McDonald,1943-08-29,Canada,2015,1/2,8536613,Physics,Queen's University,Canada
923,male,Aziz Sancar,1946-09-08,Turkey,2015,1/3,8536613,Chemistry,University of North Carolina,USA
922,male,Paul Modrich,1946-06-13,USA,2015,1/3,8536613,Chemistry,Howard Hughes Medical Institute,USA
917,male,Satoshi &#332;mura,1935-07-12,Japan,2015,1/4,8536613,Physiology or Medicine,Kitasato University,Japan
924,female,Svetlana Alexievich,1948-05-31,Ukraine,2015,1,8536613,Literature,,
919,male,Takaaki Kajita,1959-03-09,Japan,2015,1/2,8536613,Physics,University of Tokyo,Japan
921,male,Tomas Lindahl,1938-01-28,Sweden,2015,1/3,8536613,Chemistry,Francis Crick Institute,United Kingdom
918,female,Tu Youyou,1930-12-30,China,2015,1/2,8536613,Physiology or Medicine,China Academy of Traditional Chinese Medicine,China
916,male,William C. Campbell,1930-06-28,Ireland,2015,1/4,8536613,Physiology or Medicine,Drew University,USA
936,male,Bengt Holmström,1949-04-18,Finland,2016,1/2,8451577,Economic Sciences,Massachusetts Institute of Technology (MIT),USA
933,male,Bernard L. Feringa,1951-05-18,the Netherlands,2016,1/3,8451577,Chemistry,University of Groningen,the Netherlands
937,male,Bob Dylan,1941-05-24,USA,2016,1,8451577,Literature,,
928,male,David J. Thouless,1934-09-21,United Kingdom,2016,1/2,8451577,Physics,University of Washington,USA
929,male,F. Duncan M. Haldane,1951-09-14,United Kingdom,2016,1/4,8451577,Physics,Princeton University,USA
930,male,J. Michael Kosterlitz,1943-06-22,United Kingdom,2016,1/4,8451577,Physics,Brown University,USA
931,male,Jean-Pierre Sauvage,1944-10-21,France,2016,1/3,8451577,Chemistry,University of Strasbourg,France
934,male,Juan Manuel Santos,1951-08-10,Colombia,2016,1,8451577,Peace,,
935,male,Oliver Hart,1948-10-09,United Kingdom,2016,1/2,8451577,Economic Sciences,Harvard University,USA
932,male,Sir J. Fraser Stoddart,1942-05-24,United Kingdom,2016,1/3,8451577,Chemistry,Northwestern University,USA
927,male,Yoshinori Ohsumi,1945-02-09,Japan,2016,1,8451577,Physiology or Medicine,Tokyo Institute of Technology,Japan
942,male,Barry C. Barish,1936-01-27,USA,2017,1/4,9342577,Physics,LIGO/VIRGO Collaboration,
944,male,Jacques Dubochet,1942-06-08,Switzerland,2017,1/3,9342577,Chemistry,University of Lausanne,Switzerland
938,male,Jeffrey C. Hall,1945-05-03,USA,2017,1/3,9342577,Physiology or Medicine,University of Maine,USA
945,male,Joachim Frank,1940-09-12,Germany,2017,1/3,9342577,Chemistry,Columbia University,USA
947,male,Kazuo Ishiguro,1954-11-08,Japan,2017,1,9342577,Literature,,
943,male,Kip S. Thorne,1940-06-01,USA,2017,1/4,9342577,Physics,LIGO/VIRGO Collaboration,
939,male,Michael Rosbash,1944-03-07,USA,2017,1/3,9342577,Physiology or Medicine,Brandeis University,USA
940,male,Michael W. Young,1949-03-28,USA,2017,1/3,9342577,Physiology or Medicine,Rockefeller University,USA
941,male,Rainer Weiss,1932-09-29,Germany,2017,1/2,9342577,Physics,LIGO/VIRGO Collaboration,
949,male,Richard H. Thaler,1945-09-12,USA,2017,1,9342577,Economic Sciences,University of Chicago,USA
946,male,Richard Henderson,1945-07-19,Scotland,2017,1/3,9342577,Chemistry,MRC Laboratory of Molecular Biology,United Kingdom
960,male,Arthur Ashkin,1922-09-02,USA,2018,1/2,9163200,Physics,Bell Laboratories,USA
966,male,Denis Mukwege,1955-03-01,Democratic Republic of the Congo,2018,1/2,9163200,Peace,,
962,female,Donna Strickland,1959-05-27,Canada,2018,1/4,9163200,Physics,University of Waterloo,Canada
963,female,Frances H. Arnold,1956-07-25,USA,2018,1/2,9163200,Chemistry,California Institute of Technology (Caltech),USA
964,male,George P. Smith,1941-03-10,USA,2018,1/4,9163200,Chemistry,University of Missouri,USA
961,male,Gérard Mourou,1944-06-22,France,2018,1/4,9163200,Physics,École Polytechnique,France
958,male,James P. Allison,1948-08-07,USA,2018,1/2,9163200,Physiology or Medicine,Parker Institute for Cancer Immunotherapy,USA
967,female,Nadia Murad,1993-00-00,Iraq,2018,1/2,9163200,Peace,,
979,female,Olga Tokarczuk,1962-01-29,Poland,2018,1,9000000,Literature,,
969,male,Paul M. Romer,1955-00-00,USA,2018,1/2,9163200,Economic Sciences,NYU Stern School of Business,USA
965,male,Sir Gregory P. Winter,1951-04-14,United Kingdom,2018,1/4,9163200,Chemistry,MRC Laboratory of Molecular Biology,United Kingdom
959,male,Tasuku Honjo,1942-01-27,Japan,2018,1/2,9163200,Physiology or Medicine,Kyoto University,Japan
968,male,William D. Nordhaus,1941-05-31,USA,2018,1/2,9163200,Economic Sciences,Yale University,USA
982,male,Abhijit Banerjee,1961-02-21,India,2019,1/3,9000000,Economic Sciences,Massachusetts Institute of Technology (MIT),USA
981,male,Abiy Ahmed Ali,1976-08-15,Ethiopia,2019,1,9000000,Peace,,
978,male,Akira Yoshino,1948-01-30,Japan,2019,1/3,9000000,Chemistry,Asahi Kasei Corporation,Japan
975,male,Didier Queloz,1966-02-23,Switzerland,2019,1/4,9000000,Physics,University of Geneva,Switzerland
983,female,Esther Duflo,1972-10-25,France,2019,1/3,9000000,Economic Sciences,Massachusetts Institute of Technology (MIT),USA
972,male,Gregg L. Semenza,1956-07-12,USA,2019,1/3,9000000,Physiology or Medicine,Johns Hopkins University,USA
973,male,James Peebles,1935-04-25,Canada,2019,1/2,9000000,Physics,Princeton University,USA
976,male,John B. Goodenough,1922-07-25,Germany,2019,1/3,9000000,Chemistry,University of Texas,USA
977,male,M. Stanley Whittingham,1941-12-22,United Kingdom,2019,1/3,9000000,Chemistry,"Binghamton University, State University of New York",USA
984,male,Michael Kremer,1964-11-12,USA,2019,1/3,9000000,Economic Sciences,Harvard University,USA
974,male,Michel Mayor,1942-01-12,Switzerland,2019,1/4,9000000,Physics,University of Geneva,Switzerland
980,male,Peter Handke,1942-12-06,Austria,2019,1,9000000,Literature,,
971,male,Sir Peter J. Ratcliffe,1954-05-14,United Kingdom,2019,1/3,9000000,Physiology or Medicine,University of Oxford,United Kingdom
970,male,William G. Kaelin Jr,1957-11-23,USA,2019,1/3,9000000,Physiology or Medicine,Harvard Medical School,USA
990,female,Andrea Ghez,1965-06-16,USA,2020,1/4,10000000,Physics,University of California,USA
987,male,Charles M. Rice,1952-08-25,USA,2020,1/3,10000000,Physiology or Medicine,Rockefeller University,USA
991,female,Emmanuelle Charpentier,1968-12-11,France,2020,1/2,10000000,Chemistry,Max Planck Unit for the Science of Pathogens,Germany
985,male,Harvey J. Alter,1935-09-12,USA,2020,1/3,10000000,Physiology or Medicine,National Institutes of Health,USA
992,female,Jennifer A. Doudna,1964-02-19,USA,2020,1/2,10000000,Chemistry,University of California,USA
993,female,Louise Glück,1943-04-22,USA,2020,1,10000000,Literature,,
986,male,Michael Houghton,1949-01-01,,2020,1/3,10000000,Physiology or Medicine,University of Alberta,Canada
995,male,Paul R. Milgrom,1948-04-20,USA,2020,1/2,10000000,Economic Sciences,Stanford University,USA
989,male,Reinhard Genzel,1952-03-24,Germany,2020,1/4,10000000,Physics,Max Planck Institute for Extraterrestrial Physics,Germany
996,male,Robert B. Wilson,1937-05-16,USA,2020,1/2,10000000,Economic Sciences,Stanford University,USA
988,male,Roger Penrose,1931-08-08,United Kingdom,2020,1/2,10000000,Physics,University of Oxford,United Kingdom
